[2026-07-23 18:59:09.495] [debug] [NativeMessaging] Installing manifests...
[2026-07-23 18:59:09.548] [info]  [NativeMessaging] IPC server listening
[2026-07-23 18:59:09.826] [debug] [tls] skipping pinning for unknown hostname redirector.gvt1.com
[2026-07-23 18:59:09.856] [info]  Electron's autoUpdater does not support the 'linux' platform. Ref: https://www.electronjs.org/docs/latest/api/auto-updater#platform-notices
[2026-07-23 18:59:09.868] [debug] [storage] flushing DOMStorage to disk (session=true)
[2026-07-23 18:59:10.054] [debug] [tls] skipping pinning for unknown hostname r2---sn-5hne6n6s.gvt1.com
[2026-07-23 18:59:15.131] [debug] [storage] flushing DOMStorage to disk (session=true)
[2026-07-23 18:59:17.252] [debug] [will-navigate] allow (main frame): https://account.proton.me/authorize?app=proton-pass&state=o5gwcunf9qpPx7ihxbBpjcmvZvYZWPmw343R1PcxRBE&independent=0&prompt=login&promptBypass=sso&promptType=offline&pt=offline&t=1
[2026-07-23 18:59:17.253] [debug] [storage] flushing DOMStorage to disk (session=true)
[2026-07-23 19:00:00.761] [debug] [will-navigate] allow (main frame): https://pass.proton.me/login#selector=jfugqu6uuqyzd22sttbejpdlzwftfzr2&sk=G4UX4F3EhYmNDHhq4se1goD9gcBL4Uii3_G0O8QYPOU&v=1&state=o5gwcunf9qpPx7ihxbBpjcmvZvYZWPmw343R1PcxRBE&p=1&tr=1&t=1&pv=1&pt=offline&source=0
[2026-07-23 19:00:01.017] [debug] [storage] flushing DOMStorage to disk (session=true)
[2026-07-23 19:00:05.781] [debug] [storage] flushing DOMStorage to disk (session=true)
[2026-07-23 19:00:08.837] [debug] [storage] flushing DOMStorage to disk (session=true)
[2026-07-23 19:00:09.005] [debug] [storage] flushing DOMStorage to disk (session=true)
[2026-07-23 19:00:09.296] [debug] [storage] flushing DOMStorage to disk (session=true)
[2026-07-23 19:00:10.174] [debug] [storage] flushing DOMStorage to disk (session=true)
[2026-07-23 19:00:15.268] [debug] [storage] flushing DOMStorage to disk (session=true)
[2026-07-23 19:00:43.402] [debug] [storage] flushing DOMStorage to disk (session=true)
[2026-07-23 19:00:48.402] [debug] [storage] flushing DOMStorage to disk (session=true)
[2026-07-23 19:00:55.841] [debug] [storage] flushing DOMStorage to disk (session=true)
[2026-07-23 19:00:56.238] [debug] [storage] flushing DOMStorage to disk (session=true)
[2026-07-23 19:01:01.252] [debug] [storage] flushing DOMStorage to disk (session=true)
[2026-07-23 19:01:06.874] [debug] [storage] flushing DOMStorage to disk (session=true)
[2026-07-23 19:01:08.493] [debug] [storage] flushing DOMStorage to disk (session=true)
[2026-07-23 19:01:14.513] [debug] [storage] flushing DOMStorage to disk (session=true)
[2026-07-23 19:01:44.687] [debug] [storage] flushing DOMStorage to disk (session=true)
[2026-07-23 19:02:14.858] [debug] [storage] flushing DOMStorage to disk (session=true)
[2026-07-23 19:02:45.101] [debug] [storage] flushing DOMStorage to disk (session=true)
[2026-07-23 19:03:15.308] [debug] [storage] flushing DOMStorage to disk (session=true)
[2026-07-23 19:03:45.480] [debug] [storage] flushing DOMStorage to disk (session=true)
[2026-07-23 19:04:15.822] [debug] [storage] flushing DOMStorage to disk (session=true)
[2026-07-23 19:04:46.152] [debug] [storage] flushing DOMStorage to disk (session=true)
[2026-07-23 19:05:09.682] [debug] [storage] flushing DOMStorage to disk (session=true)
[2026-07-23 19:05:16.479] [debug] [storage] flushing DOMStorage to disk (session=true)
[2026-07-23 19:05:46.798] [debug] [storage] flushing DOMStorage to disk (session=true)
[2026-07-23 19:06:16.978] [debug] [storage] flushing DOMStorage to disk (session=true)
[2026-07-23 19:06:47.300] [debug] [storage] flushing DOMStorage to disk (session=true)
[2026-07-23 19:07:17.604] [debug] [storage] flushing DOMStorage to disk (session=true)
[2026-07-23 19:07:28.423] [debug] [NativeMessaging] Installing manifests...
[2026-07-23 19:07:28.472] [info]  [NativeMessaging] IPC server listening
[2026-07-23 19:07:47.821] [debug] [storage] flushing DOMStorage to disk (session=true)
[2026-07-23 19:08:18.218] [debug] [storage] flushing DOMStorage to disk (session=true)
[2026-07-23 19:08:28.763] [debug] [storage] flushing DOMStorage to disk (session=true)
[2026-07-23 19:08:48.534] [debug] [storage] flushing DOMStorage to disk (session=true)
[2026-07-23 19:09:18.706] [debug] [storage] flushing DOMStorage to disk (session=true)
[2026-07-23 19:09:48.776] [debug] [storage] flushing DOMStorage to disk (session=true)
[2026-07-23 19:10:09.681] [debug] [storage] flushing DOMStorage to disk (session=true)
[2026-07-23 19:10:19.081] [debug] [storage] flushing DOMStorage to disk (session=true)
[2026-07-23 19:10:33.456] [debug] [storage] flushing DOMStorage to disk (session=true)
[2026-07-23 21:34:33.018] [debug] [NativeMessaging] Installing manifests...
[2026-07-23 21:34:33.205] [info]  [NativeMessaging] IPC server listening
[2026-07-23 21:34:33.588] [info]  Electron's autoUpdater does not support the 'linux' platform. Ref: https://www.electronjs.org/docs/latest/api/auto-updater#platform-notices
[2026-07-23 21:34:33.628] [debug] [storage] flushing DOMStorage to disk (session=true)
[2026-07-23 21:34:33.995] [debug] [storage] flushing DOMStorage to disk (session=true)
[2026-07-23 21:34:34.010] [debug] [storage] flushing DOMStorage to disk (session=true)
[2026-07-23 21:34:34.049] [debug] [storage] flushing DOMStorage to disk (session=true)
[2026-07-23 21:34:34.231] [debug] [storage] flushing DOMStorage to disk (session=true)
[2026-07-23 21:34:38.428] [debug] [storage] flushing DOMStorage to disk (session=true)
[2026-07-23 21:34:38.632] [debug] [storage] flushing DOMStorage to disk (session=true)
[2026-07-23 21:34:38.871] [debug] [storage] flushing DOMStorage to disk (session=true)
[2026-07-23 21:34:39.088] [debug] [storage] flushing DOMStorage to disk (session=true)
[2026-07-23 21:34:44.093] [debug] [storage] flushing DOMStorage to disk (session=true)
[2026-07-23 21:34:47.025] [debug] [storage] flushing DOMStorage to disk (session=true)
[2026-07-23 21:34:52.022] [debug] [storage] flushing DOMStorage to disk (session=true)
[2026-07-23 21:35:18.493] [debug] [storage] flushing DOMStorage to disk (session=true)
[2026-07-23 22:02:19.239] [debug] [NativeMessaging] Installing manifests...
[2026-07-23 22:02:19.284] [info]  [NativeMessaging] IPC server listening
[2026-07-23 22:02:22.594] [debug] [storage] flushing DOMStorage to disk (session=true)
[2026-07-23 22:02:22.644] [debug] [storage] flushing DOMStorage to disk (session=true)
[2026-07-23 22:02:23.173] [debug] [storage] flushing DOMStorage to disk (session=true)
[2026-07-23 22:02:28.174] [debug] [storage] flushing DOMStorage to disk (session=true)
[2026-07-23 22:02:32.723] [debug] [storage] flushing DOMStorage to disk (session=true)
[2026-07-23 22:02:32.757] [debug] [storage] flushing DOMStorage to disk (session=true)
[2026-07-23 22:02:37.749] [debug] [storage] flushing DOMStorage to disk (session=true)
[2026-07-23 22:02:58.060] [debug] [storage] flushing DOMStorage to disk (session=true)
[2026-07-23 22:03:28.209] [debug] [storage] flushing DOMStorage to disk (session=true)
[2026-07-23 22:03:46.838] [debug] [setWindowOpenHandler] opening url externally: https://proton.me/support/set-up-proton-pass-linux
[2026-07-23 22:03:58.260] [debug] [storage] flushing DOMStorage to disk (session=true)
[2026-07-23 22:04:28.425] [debug] [storage] flushing DOMStorage to disk (session=true)
[2026-07-23 22:04:58.737] [debug] [storage] flushing DOMStorage to disk (session=true)
[2026-07-23 22:05:05.505] [debug] [storage] flushing DOMStorage to disk (session=true)
[2026-07-23 22:05:10.500] [debug] [storage] flushing DOMStorage to disk (session=true)
[2026-07-23 22:05:28.787] [debug] [storage] flushing DOMStorage to disk (session=true)
[2026-07-23 22:05:59.143] [debug] [storage] flushing DOMStorage to disk (session=true)
[2026-07-23 22:06:04.755] [debug] [storage] flushing DOMStorage to disk (session=true)
[2026-07-23 22:06:09.744] [debug] [storage] flushing DOMStorage to disk (session=true)
[2026-07-23 22:06:29.317] [debug] [storage] flushing DOMStorage to disk (session=true)
[2026-07-23 22:06:59.386] [debug] [storage] flushing DOMStorage to disk (session=true)
[2026-07-23 22:07:23.211] [debug] [storage] flushing DOMStorage to disk (session=true)
[2026-07-23 22:07:29.558] [debug] [storage] flushing DOMStorage to disk (session=true)
[2026-07-23 22:07:59.607] [debug] [storage] flushing DOMStorage to disk (session=true)
[2026-07-23 22:08:29.916] [debug] [storage] flushing DOMStorage to disk (session=true)
[2026-07-23 22:08:59.988] [debug] [storage] flushing DOMStorage to disk (session=true)
[2026-07-23 22:09:30.152] [debug] [storage] flushing DOMStorage to disk (session=true)
[2026-07-23 22:10:00.220] [debug] [storage] flushing DOMStorage to disk (session=true)
[2026-07-23 22:10:08.493] [debug] [storage] flushing DOMStorage to disk (session=true)
[2026-07-23 22:12:22.262] [debug] [NativeMessaging] Installing manifests...
[2026-07-23 22:12:22.313] [info]  [NativeMessaging] IPC server listening
[2026-07-23 22:12:28.054] [debug] [storage] flushing DOMStorage to disk (session=true)
[2026-07-23 22:12:28.109] [debug] [storage] flushing DOMStorage to disk (session=true)
[2026-07-23 22:12:28.307] [debug] [storage] flushing DOMStorage to disk (session=true)
[2026-07-23 22:12:28.541] [debug] [storage] flushing DOMStorage to disk (session=true)
[2026-07-23 22:12:33.541] [debug] [storage] flushing DOMStorage to disk (session=true)
[2026-07-23 22:12:36.721] [debug] [storage] flushing DOMStorage to disk (session=true)
[2026-07-23 22:12:41.719] [debug] [storage] flushing DOMStorage to disk (session=true)
[2026-07-23 22:13:03.657] [debug] [storage] flushing DOMStorage to disk (session=true)
[2026-07-23 22:13:26.493] [debug] [storage] flushing DOMStorage to disk (session=true)
[2026-07-23 23:28:54.688] [debug] [NativeMessaging] Installing manifests...
[2026-07-23 23:28:54.738] [info]  [NativeMessaging] IPC server listening
[2026-07-23 23:28:55.015] [info]  Electron's autoUpdater does not support the 'linux' platform. Ref: https://www.electronjs.org/docs/latest/api/auto-updater#platform-notices
[2026-07-23 23:28:55.061] [debug] [storage] flushing DOMStorage to disk (session=true)
[2026-07-23 23:28:55.490] [debug] [storage] flushing DOMStorage to disk (session=true)
[2026-07-23 23:28:55.517] [debug] [storage] flushing DOMStorage to disk (session=true)
[2026-07-23 23:28:56.027] [debug] [storage] flushing DOMStorage to disk (session=true)
[2026-07-23 23:28:56.879] [debug] [storage] flushing DOMStorage to disk (session=true)
[2026-07-23 23:29:01.880] [debug] [storage] flushing DOMStorage to disk (session=true)
[2026-07-23 23:29:07.003] [debug] [storage] flushing DOMStorage to disk (session=true)
[2026-07-23 23:29:07.203] [debug] [storage] flushing DOMStorage to disk (session=true)
[2026-07-23 23:29:07.880] [debug] [storage] flushing DOMStorage to disk (session=true)
[2026-07-23 23:29:07.934] [debug] [storage] flushing DOMStorage to disk (session=true)
[2026-07-23 23:29:13.274] [debug] [storage] flushing DOMStorage to disk (session=true)
[2026-07-23 23:29:15.627] [debug] [storage] flushing DOMStorage to disk (session=true)
[2026-07-23 23:29:20.624] [debug] [storage] flushing DOMStorage to disk (session=true)
[2026-07-23 23:29:42.948] [debug] [storage] flushing DOMStorage to disk (session=true)
[2026-07-23 23:30:13.281] [debug] [storage] flushing DOMStorage to disk (session=true)
[2026-07-23 23:30:43.431] [debug] [storage] flushing DOMStorage to disk (session=true)
[2026-07-23 23:31:13.735] [debug] [storage] flushing DOMStorage to disk (session=true)
[2026-07-23 23:31:44.052] [debug] [storage] flushing DOMStorage to disk (session=true)
[2026-07-23 23:32:14.110] [debug] [storage] flushing DOMStorage to disk (session=true)
[2026-07-23 23:32:44.178] [debug] [storage] flushing DOMStorage to disk (session=true)
[2026-07-23 23:33:14.227] [debug] [storage] flushing DOMStorage to disk (session=true)
[2026-07-23 23:33:44.396] [debug] [storage] flushing DOMStorage to disk (session=true)
[2026-07-23 23:34:07.668] [debug] [storage] flushing DOMStorage to disk (session=true)
[2026-07-23 23:34:14.467] [debug] [storage] flushing DOMStorage to disk (session=true)
[2026-07-23 23:34:44.817] [debug] [storage] flushing DOMStorage to disk (session=true)
[2026-07-23 23:35:15.209] [debug] [storage] flushing DOMStorage to disk (session=true)
[2026-07-23 23:35:45.378] [debug] [storage] flushing DOMStorage to disk (session=true)
[2026-07-23 23:36:15.446] [debug] [storage] flushing DOMStorage to disk (session=true)
[2026-07-23 23:36:45.509] [debug] [storage] flushing DOMStorage to disk (session=true)
[2026-07-23 23:37:15.681] [debug] [storage] flushing DOMStorage to disk (session=true)
[2026-07-23 23:37:45.990] [debug] [storage] flushing DOMStorage to disk (session=true)
[2026-07-23 23:38:16.154] [debug] [storage] flushing DOMStorage to disk (session=true)
[2026-07-23 23:38:46.337] [debug] [storage] flushing DOMStorage to disk (session=true)
[2026-07-23 23:39:07.704] [debug] [storage] flushing DOMStorage to disk (session=true)
[2026-07-23 23:39:16.393] [debug] [storage] flushing DOMStorage to disk (session=true)
[2026-07-23 23:39:46.558] [debug] [storage] flushing DOMStorage to disk (session=true)
[2026-07-23 23:40:16.632] [debug] [storage] flushing DOMStorage to disk (session=true)
[2026-07-23 23:40:46.965] [debug] [storage] flushing DOMStorage to disk (session=true)
[2026-07-23 23:41:17.027] [debug] [storage] flushing DOMStorage to disk (session=true)
[2026-07-23 23:41:47.322] [debug] [storage] flushing DOMStorage to disk (session=true)
[2026-07-23 23:42:17.485] [debug] [storage] flushing DOMStorage to disk (session=true)
[2026-07-23 23:42:47.537] [debug] [storage] flushing DOMStorage to disk (session=true)
[2026-07-23 23:43:17.595] [debug] [storage] flushing DOMStorage to disk (session=true)
[2026-07-23 23:43:47.747] [debug] [storage] flushing DOMStorage to disk (session=true)
[2026-07-23 23:44:07.982] [debug] [storage] flushing DOMStorage to disk (session=true)
[2026-07-23 23:44:12.983] [debug] [storage] flushing DOMStorage to disk (session=true)
[2026-07-23 23:44:18.041] [debug] [storage] flushing DOMStorage to disk (session=true)
[2026-07-23 23:44:48.105] [debug] [storage] flushing DOMStorage to disk (session=true)
[2026-07-23 23:45:18.172] [debug] [storage] flushing DOMStorage to disk (session=true)
[2026-07-23 23:45:48.223] [debug] [storage] flushing DOMStorage to disk (session=true)
[2026-07-23 23:46:18.523] [debug] [storage] flushing DOMStorage to disk (session=true)
[2026-07-23 23:46:48.691] [debug] [storage] flushing DOMStorage to disk (session=true)
[2026-07-23 23:47:18.851] [debug] [storage] flushing DOMStorage to disk (session=true)
[2026-07-23 23:47:49.162] [debug] [storage] flushing DOMStorage to disk (session=true)
[2026-07-23 23:48:19.214] [debug] [storage] flushing DOMStorage to disk (session=true)
[2026-07-23 23:48:49.369] [debug] [storage] flushing DOMStorage to disk (session=true)
[2026-07-23 23:49:07.973] [debug] [storage] flushing DOMStorage to disk (session=true)
[2026-07-23 23:49:12.974] [debug] [storage] flushing DOMStorage to disk (session=true)
[2026-07-23 23:49:19.704] [debug] [storage] flushing DOMStorage to disk (session=true)
[2026-07-23 23:49:49.755] [debug] [storage] flushing DOMStorage to disk (session=true)
[2026-07-23 23:50:20.079] [debug] [storage] flushing DOMStorage to disk (session=true)
[2026-07-23 23:50:44.758] [debug] [storage] flushing DOMStorage to disk (session=true)
[2026-07-23 23:50:50.139] [debug] [storage] flushing DOMStorage to disk (session=true)
[2026-07-23 23:51:20.426] [debug] [storage] flushing DOMStorage to disk (session=true)
[2026-07-23 23:51:44.493] [debug] [storage] flushing DOMStorage to disk (session=true)
[2026-07-23 23:53:57.476] [debug] [NativeMessaging] Installing manifests...
[2026-07-23 23:53:57.600] [info]  [NativeMessaging] IPC server listening
[2026-07-23 23:53:57.949] [info]  Electron's autoUpdater does not support the 'linux' platform. Ref: https://www.electronjs.org/docs/latest/api/auto-updater#platform-notices
[2026-07-23 23:53:57.984] [debug] [storage] flushing DOMStorage to disk (session=true)
[2026-07-23 23:53:58.387] [debug] [storage] flushing DOMStorage to disk (session=true)
[2026-07-23 23:53:58.413] [debug] [storage] flushing DOMStorage to disk (session=true)
[2026-07-23 23:53:58.567] [debug] [storage] flushing DOMStorage to disk (session=true)
[2026-07-23 23:53:58.934] [debug] [storage] flushing DOMStorage to disk (session=true)
[2026-07-23 23:54:03.942] [debug] [storage] flushing DOMStorage to disk (session=true)
[2026-07-23 23:54:04.307] [debug] [storage] flushing DOMStorage to disk (session=true)
[2026-07-23 23:54:04.514] [debug] [storage] flushing DOMStorage to disk (session=true)
[2026-07-23 23:54:05.072] [debug] [storage] flushing DOMStorage to disk (session=true)
[2026-07-23 23:54:07.399] [debug] [setWindowOpenHandler] opening url externally: https://proton.me/support/set-up-proton-pass-linux
[2026-07-23 23:54:10.073] [debug] [storage] flushing DOMStorage to disk (session=true)
[2026-07-23 23:54:11.211] [debug] [storage] flushing DOMStorage to disk (session=true)
[2026-07-23 23:54:16.209] [debug] [storage] flushing DOMStorage to disk (session=true)
[2026-07-23 23:54:39.889] [debug] [storage] flushing DOMStorage to disk (session=true)
[2026-07-23 23:55:10.033] [debug] [storage] flushing DOMStorage to disk (session=true)
[2026-07-23 23:55:40.193] [debug] [storage] flushing DOMStorage to disk (session=true)
[2026-07-23 23:56:16.531] [debug] [storage] flushing DOMStorage to disk (session=true)
[2026-07-23 23:56:46.870] [debug] [storage] flushing DOMStorage to disk (session=true)
[2026-07-23 23:57:17.033] [debug] [storage] flushing DOMStorage to disk (session=true)
[2026-07-23 23:57:47.195] [debug] [storage] flushing DOMStorage to disk (session=true)
[2026-07-23 23:58:17.533] [debug] [storage] flushing DOMStorage to disk (session=true)
[2026-07-23 23:58:47.942] [debug] [storage] flushing DOMStorage to disk (session=true)
[2026-07-23 23:59:05.161] [debug] [storage] flushing DOMStorage to disk (session=true)
[2026-07-23 23:59:10.162] [debug] [storage] flushing DOMStorage to disk (session=true)
[2026-07-23 23:59:18.103] [debug] [storage] flushing DOMStorage to disk (session=true)
[2026-07-23 23:59:48.152] [debug] [storage] flushing DOMStorage to disk (session=true)
[2026-07-24 00:00:18.218] [debug] [storage] flushing DOMStorage to disk (session=true)
[2026-07-24 00:00:48.292] [debug] [storage] flushing DOMStorage to disk (session=true)
[2026-07-24 00:01:18.354] [debug] [storage] flushing DOMStorage to disk (session=true)
[2026-07-24 00:01:48.412] [debug] [storage] flushing DOMStorage to disk (session=true)
[2026-07-24 00:02:18.766] [debug] [storage] flushing DOMStorage to disk (session=true)
[2026-07-24 00:02:48.931] [debug] [storage] flushing DOMStorage to disk (session=true)
[2026-07-24 00:03:19.265] [debug] [storage] flushing DOMStorage to disk (session=true)
[2026-07-24 00:03:49.565] [debug] [storage] flushing DOMStorage to disk (session=true)
[2026-07-24 00:04:05.125] [debug] [storage] flushing DOMStorage to disk (session=true)
[2026-07-24 00:04:10.127] [debug] [storage] flushing DOMStorage to disk (session=true)
[2026-07-24 00:04:19.728] [debug] [storage] flushing DOMStorage to disk (session=true)
[2026-07-24 00:04:32.518] [debug] [storage] flushing DOMStorage to disk (session=true)
[2026-07-24 00:04:37.514] [debug] [storage] flushing DOMStorage to disk (session=true)
[2026-07-24 00:04:50.030] [debug] [storage] flushing DOMStorage to disk (session=true)
[2026-07-24 00:05:20.204] [debug] [storage] flushing DOMStorage to disk (session=true)
[2026-07-24 00:05:50.415] [debug] [storage] flushing DOMStorage to disk (session=true)
[2026-07-24 00:06:20.479] [debug] [storage] flushing DOMStorage to disk (session=true)
[2026-07-24 00:06:50.547] [debug] [storage] flushing DOMStorage to disk (session=true)
[2026-07-24 00:07:20.839] [debug] [storage] flushing DOMStorage to disk (session=true)
[2026-07-24 00:07:51.198] [debug] [storage] flushing DOMStorage to disk (session=true)
[2026-07-24 00:08:21.353] [debug] [storage] flushing DOMStorage to disk (session=true)
[2026-07-24 00:08:51.420] [debug] [storage] flushing DOMStorage to disk (session=true)
[2026-07-24 00:09:04.998] [debug] [storage] flushing DOMStorage to disk (session=true)
[2026-07-24 00:09:09.999] [debug] [storage] flushing DOMStorage to disk (session=true)
[2026-07-24 00:09:21.752] [debug] [storage] flushing DOMStorage to disk (session=true)
[2026-07-24 00:09:51.818] [debug] [storage] flushing DOMStorage to disk (session=true)
[2026-07-24 00:10:21.870] [debug] [storage] flushing DOMStorage to disk (session=true)
[2026-07-24 00:10:51.921] [debug] [storage] flushing DOMStorage to disk (session=true)
[2026-07-24 00:11:22.362] [debug] [storage] flushing DOMStorage to disk (session=true)
[2026-07-24 00:11:52.046] [debug] [storage] flushing DOMStorage to disk (session=true)
[2026-07-24 00:12:22.100] [debug] [storage] flushing DOMStorage to disk (session=true)
[2026-07-24 00:12:52.395] [debug] [storage] flushing DOMStorage to disk (session=true)
[2026-07-24 00:13:17.471] [debug] [storage] flushing DOMStorage to disk (session=true)
[2026-07-24 00:13:22.694] [debug] [storage] flushing DOMStorage to disk (session=true)
[2026-07-24 00:13:52.752] [debug] [storage] flushing DOMStorage to disk (session=true)
[2026-07-24 00:14:04.989] [debug] [storage] flushing DOMStorage to disk (session=true)
[2026-07-24 00:14:09.990] [debug] [storage] flushing DOMStorage to disk (session=true)
[2026-07-24 00:14:18.649] [debug] [storage] flushing DOMStorage to disk (session=true)
[2026-07-24 00:14:23.498] [debug] [storage] flushing DOMStorage to disk (session=true)
[2026-07-24 00:14:28.488] [debug] [storage] flushing DOMStorage to disk (session=true)
[2026-07-24 00:14:52.964] [debug] [storage] flushing DOMStorage to disk (session=true)
[2026-07-24 00:15:23.316] [debug] [storage] flushing DOMStorage to disk (session=true)
[2026-07-24 00:15:53.506] [debug] [storage] flushing DOMStorage to disk (session=true)
[2026-07-24 00:16:23.672] [debug] [storage] flushing DOMStorage to disk (session=true)
[2026-07-24 00:16:53.966] [debug] [storage] flushing DOMStorage to disk (session=true)
[2026-07-24 00:17:24.015] [debug] [storage] flushing DOMStorage to disk (session=true)
[2026-07-24 00:17:54.182] [debug] [storage] flushing DOMStorage to disk (session=true)
[2026-07-24 00:18:24.336] [debug] [storage] flushing DOMStorage to disk (session=true)
[2026-07-24 00:18:54.386] [debug] [storage] flushing DOMStorage to disk (session=true)
[2026-07-24 00:19:05.096] [debug] [storage] flushing DOMStorage to disk (session=true)
[2026-07-24 00:19:10.098] [debug] [storage] flushing DOMStorage to disk (session=true)
[2026-07-24 00:19:24.546] [debug] [storage] flushing DOMStorage to disk (session=true)
[2026-07-24 00:19:54.601] [debug] [storage] flushing DOMStorage to disk (session=true)
[2026-07-24 00:20:24.766] [debug] [storage] flushing DOMStorage to disk (session=true)
[2026-07-24 00:20:54.817] [debug] [storage] flushing DOMStorage to disk (session=true)
[2026-07-24 00:21:24.878] [debug] [storage] flushing DOMStorage to disk (session=true)
[2026-07-24 00:21:55.044] [debug] [storage] flushing DOMStorage to disk (session=true)
[2026-07-24 00:22:25.103] [debug] [storage] flushing DOMStorage to disk (session=true)
[2026-07-24 00:22:55.155] [debug] [storage] flushing DOMStorage to disk (session=true)
[2026-07-24 00:23:25.207] [debug] [storage] flushing DOMStorage to disk (session=true)
[2026-07-24 00:23:55.370] [debug] [storage] flushing DOMStorage to disk (session=true)
[2026-07-24 00:24:04.992] [debug] [storage] flushing DOMStorage to disk (session=true)
[2026-07-24 00:24:09.993] [debug] [storage] flushing DOMStorage to disk (session=true)
[2026-07-24 00:24:25.670] [debug] [storage] flushing DOMStorage to disk (session=true)
[2026-07-24 00:24:55.735] [debug] [storage] flushing DOMStorage to disk (session=true)
[2026-07-24 00:25:25.786] [debug] [storage] flushing DOMStorage to disk (session=true)
[2026-07-24 00:25:55.932] [debug] [storage] flushing DOMStorage to disk (session=true)
[2026-07-24 00:26:26.233] [debug] [storage] flushing DOMStorage to disk (session=true)
[2026-07-24 00:26:56.413] [debug] [storage] flushing DOMStorage to disk (session=true)
[2026-07-24 00:27:26.711] [debug] [storage] flushing DOMStorage to disk (session=true)
[2026-07-24 00:27:56.886] [debug] [storage] flushing DOMStorage to disk (session=true)
[2026-07-24 00:28:27.196] [debug] [storage] flushing DOMStorage to disk (session=true)
[2026-07-24 00:28:57.267] [debug] [storage] flushing DOMStorage to disk (session=true)
[2026-07-24 00:29:05.185] [debug] [storage] flushing DOMStorage to disk (session=true)
[2026-07-24 00:29:10.188] [debug] [storage] flushing DOMStorage to disk (session=true)
[2026-07-24 00:29:27.911] [debug] [storage] flushing DOMStorage to disk (session=true)
[2026-07-24 00:29:57.964] [debug] [storage] flushing DOMStorage to disk (session=true)
[2026-07-24 00:30:28.259] [debug] [storage] flushing DOMStorage to disk (session=true)
[2026-07-24 00:30:58.308] [debug] [storage] flushing DOMStorage to disk (session=true)
[2026-07-24 00:31:28.494] [debug] [storage] flushing DOMStorage to disk (session=true)
[2026-07-24 00:31:58.663] [debug] [storage] flushing DOMStorage to disk (session=true)
[2026-07-24 00:32:28.824] [debug] [storage] flushing DOMStorage to disk (session=true)
[2026-07-24 00:32:58.894] [debug] [storage] flushing DOMStorage to disk (session=true)
[2026-07-24 00:33:29.225] [debug] [storage] flushing DOMStorage to disk (session=true)
[2026-07-24 00:33:59.525] [debug] [storage] flushing DOMStorage to disk (session=true)
[2026-07-24 00:34:05.203] [debug] [storage] flushing DOMStorage to disk (session=true)
[2026-07-24 00:34:10.205] [debug] [storage] flushing DOMStorage to disk (session=true)
[2026-07-24 00:34:29.575] [debug] [storage] flushing DOMStorage to disk (session=true)
[2026-07-24 00:34:59.874] [debug] [storage] flushing DOMStorage to disk (session=true)
[2026-07-24 00:35:30.173] [debug] [storage] flushing DOMStorage to disk (session=true)
[2026-07-24 00:36:00.223] [debug] [storage] flushing DOMStorage to disk (session=true)
[2026-07-24 00:36:30.376] [debug] [storage] flushing DOMStorage to disk (session=true)
[2026-07-24 00:37:00.449] [debug] [storage] flushing DOMStorage to disk (session=true)
[2026-07-24 00:37:30.630] [debug] [storage] flushing DOMStorage to disk (session=true)
[2026-07-24 00:38:00.941] [debug] [storage] flushing DOMStorage to disk (session=true)
[2026-07-24 00:38:30.991] [debug] [storage] flushing DOMStorage to disk (session=true)
[2026-07-24 00:39:01.043] [debug] [storage] flushing DOMStorage to disk (session=true)
[2026-07-24 00:39:04.953] [debug] [storage] flushing DOMStorage to disk (session=true)
[2026-07-24 00:39:09.955] [debug] [storage] flushing DOMStorage to disk (session=true)
[2026-07-24 00:39:31.356] [debug] [storage] flushing DOMStorage to disk (session=true)
[2026-07-24 00:40:01.516] [debug] [storage] flushing DOMStorage to disk (session=true)
[2026-07-24 00:40:31.659] [debug] [storage] flushing DOMStorage to disk (session=true)
[2026-07-24 00:41:01.709] [debug] [storage] flushing DOMStorage to disk (session=true)
[2026-07-24 00:41:32.010] [debug] [storage] flushing DOMStorage to disk (session=true)
[2026-07-24 00:42:02.065] [debug] [storage] flushing DOMStorage to disk (session=true)
[2026-07-24 00:42:32.219] [debug] [storage] flushing DOMStorage to disk (session=true)
[2026-07-24 00:43:02.271] [debug] [storage] flushing DOMStorage to disk (session=true)
[2026-07-24 00:43:32.320] [debug] [storage] flushing DOMStorage to disk (session=true)
[2026-07-24 00:44:02.372] [debug] [storage] flushing DOMStorage to disk (session=true)
[2026-07-24 00:44:04.955] [debug] [storage] flushing DOMStorage to disk (session=true)
[2026-07-24 00:44:09.957] [debug] [storage] flushing DOMStorage to disk (session=true)
[2026-07-24 00:44:32.523] [debug] [storage] flushing DOMStorage to disk (session=true)
[2026-07-24 00:45:02.683] [debug] [storage] flushing DOMStorage to disk (session=true)
[2026-07-24 00:45:32.828] [debug] [storage] flushing DOMStorage to disk (session=true)
[2026-07-24 00:46:03.002] [debug] [storage] flushing DOMStorage to disk (session=true)
[2026-07-24 00:46:33.073] [debug] [storage] flushing DOMStorage to disk (session=true)
[2026-07-24 00:47:03.227] [debug] [storage] flushing DOMStorage to disk (session=true)
[2026-07-24 00:47:33.299] [debug] [storage] flushing DOMStorage to disk (session=true)
[2026-07-24 00:48:03.455] [debug] [storage] flushing DOMStorage to disk (session=true)
[2026-07-24 00:48:33.610] [debug] [storage] flushing DOMStorage to disk (session=true)
[2026-07-24 00:49:03.802] [debug] [storage] flushing DOMStorage to disk (session=true)
[2026-07-24 00:49:05.074] [debug] [storage] flushing DOMStorage to disk (session=true)
[2026-07-24 00:49:10.076] [debug] [storage] flushing DOMStorage to disk (session=true)
[2026-07-24 00:49:33.875] [debug] [storage] flushing DOMStorage to disk (session=true)
[2026-07-24 00:50:03.945] [debug] [storage] flushing DOMStorage to disk (session=true)
[2026-07-24 00:50:34.099] [debug] [storage] flushing DOMStorage to disk (session=true)
[2026-07-24 00:51:04.390] [debug] [storage] flushing DOMStorage to disk (session=true)
[2026-07-24 00:51:34.447] [debug] [storage] flushing DOMStorage to disk (session=true)
[2026-07-24 00:52:04.499] [debug] [storage] flushing DOMStorage to disk (session=true)
[2026-07-24 00:52:34.795] [debug] [storage] flushing DOMStorage to disk (session=true)
[2026-07-24 00:53:04.844] [debug] [storage] flushing DOMStorage to disk (session=true)
[2026-07-24 00:53:35.032] [debug] [storage] flushing DOMStorage to disk (session=true)
[2026-07-24 00:54:00.545] [debug] [storage] flushing DOMStorage to disk (session=true)
[2026-07-24 00:54:05.195] [debug] [storage] flushing DOMStorage to disk (session=true)
[2026-07-24 00:54:10.197] [debug] [storage] flushing DOMStorage to disk (session=true)
[2026-07-24 00:54:35.372] [debug] [storage] flushing DOMStorage to disk (session=true)
[2026-07-24 00:55:05.737] [debug] [storage] flushing DOMStorage to disk (session=true)
[2026-07-24 00:55:35.589] [debug] [storage] flushing DOMStorage to disk (session=true)
[2026-07-24 00:56:05.641] [debug] [storage] flushing DOMStorage to disk (session=true)
[2026-07-24 00:56:35.693] [debug] [storage] flushing DOMStorage to disk (session=true)
[2026-07-24 00:57:06.019] [debug] [storage] flushing DOMStorage to disk (session=true)
[2026-07-24 00:57:36.200] [debug] [storage] flushing DOMStorage to disk (session=true)
[2026-07-24 00:58:06.249] [debug] [storage] flushing DOMStorage to disk (session=true)
[2026-07-24 00:58:36.546] [debug] [storage] flushing DOMStorage to disk (session=true)
[2026-07-24 00:59:04.964] [debug] [storage] flushing DOMStorage to disk (session=true)
[2026-07-24 00:59:09.966] [debug] [storage] flushing DOMStorage to disk (session=true)
[2026-07-24 00:59:36.772] [debug] [storage] flushing DOMStorage to disk (session=true)
[2026-07-24 01:00:06.946] [debug] [storage] flushing DOMStorage to disk (session=true)
[2026-07-24 01:00:37.240] [debug] [storage] flushing DOMStorage to disk (session=true)
[2026-07-24 01:01:07.308] [debug] [storage] flushing DOMStorage to disk (session=true)
[2026-07-24 01:01:37.366] [debug] [storage] flushing DOMStorage to disk (session=true)
[2026-07-24 01:02:07.526] [debug] [storage] flushing DOMStorage to disk (session=true)
[2026-07-24 01:02:37.683] [debug] [storage] flushing DOMStorage to disk (session=true)
[2026-07-24 01:03:07.997] [debug] [storage] flushing DOMStorage to disk (session=true)
[2026-07-24 01:03:38.068] [debug] [storage] flushing DOMStorage to disk (session=true)
[2026-07-24 01:04:05.052] [debug] [storage] flushing DOMStorage to disk (session=true)
[2026-07-24 01:04:10.053] [debug] [storage] flushing DOMStorage to disk (session=true)
[2026-07-24 01:04:38.547] [debug] [storage] flushing DOMStorage to disk (session=true)
[2026-07-24 01:05:08.858] [debug] [storage] flushing DOMStorage to disk (session=true)
[2026-07-24 01:05:39.197] [debug] [storage] flushing DOMStorage to disk (session=true)
[2026-07-24 01:06:09.537] [debug] [storage] flushing DOMStorage to disk (session=true)
[2026-07-24 01:06:39.873] [debug] [storage] flushing DOMStorage to disk (session=true)
[2026-07-24 01:07:09.934] [debug] [storage] flushing DOMStorage to disk (session=true)
[2026-07-24 01:07:39.995] [debug] [storage] flushing DOMStorage to disk (session=true)
[2026-07-24 01:08:08.948] [debug] [storage] flushing DOMStorage to disk (session=true)
[2026-07-24 01:12:30.952] [debug] [storage] flushing DOMStorage to disk (session=true)
[2026-07-24 01:17:52.020] [debug] [NativeMessaging] Installing manifests...
[2026-07-24 01:17:52.063] [info]  [NativeMessaging] IPC server listening
[2026-07-24 01:18:14.327] [debug] [storage] flushing DOMStorage to disk (session=true)
[2026-07-24 01:18:14.388] [debug] [storage] flushing DOMStorage to disk (session=true)
[2026-07-24 01:18:14.559] [debug] [storage] flushing DOMStorage to disk (session=true)
[2026-07-24 01:18:14.776] [debug] [storage] flushing DOMStorage to disk (session=true)
[2026-07-24 01:18:19.778] [debug] [storage] flushing DOMStorage to disk (session=true)
[2026-07-24 01:18:22.162] [debug] [storage] flushing DOMStorage to disk (session=true)
[2026-07-24 01:18:27.160] [debug] [storage] flushing DOMStorage to disk (session=true)
[2026-07-24 01:18:49.695] [debug] [storage] flushing DOMStorage to disk (session=true)
[2026-07-24 01:19:06.670] [debug] [storage] flushing DOMStorage to disk (session=true)
[2026-07-24 01:19:11.665] [debug] [storage] flushing DOMStorage to disk (session=true)
[2026-07-24 01:19:19.928] [debug] [storage] flushing DOMStorage to disk (session=true)
[2026-07-24 01:19:49.981] [debug] [storage] flushing DOMStorage to disk (session=true)
[2026-07-24 01:20:20.027] [debug] [storage] flushing DOMStorage to disk (session=true)
[2026-07-24 01:20:50.088] [debug] [storage] flushing DOMStorage to disk (session=true)
[2026-07-24 01:21:20.261] [debug] [storage] flushing DOMStorage to disk (session=true)
[2026-07-24 01:21:50.323] [debug] [storage] flushing DOMStorage to disk (session=true)
[2026-07-24 01:22:20.702] [debug] [storage] flushing DOMStorage to disk (session=true)
[2026-07-24 01:22:50.770] [debug] [storage] flushing DOMStorage to disk (session=true)
[2026-07-24 01:23:14.818] [debug] [storage] flushing DOMStorage to disk (session=true)
[2026-07-24 01:23:20.841] [debug] [storage] flushing DOMStorage to disk (session=true)
[2026-07-24 01:23:51.014] [debug] [storage] flushing DOMStorage to disk (session=true)
[2026-07-24 01:24:21.174] [debug] [storage] flushing DOMStorage to disk (session=true)
[2026-07-24 01:24:51.236] [debug] [storage] flushing DOMStorage to disk (session=true)
[2026-07-24 01:25:21.288] [debug] [storage] flushing DOMStorage to disk (session=true)
[2026-07-24 01:25:36.947] [debug] [storage] flushing DOMStorage to disk (session=true)
[2026-07-24 13:48:01.381] [debug] [NativeMessaging] Installing manifests...
[2026-07-24 13:48:01.540] [info]  [NativeMessaging] IPC server listening
[2026-07-24 13:48:01.881] [info]  Electron's autoUpdater does not support the 'linux' platform. Ref: https://www.electronjs.org/docs/latest/api/auto-updater#platform-notices
[2026-07-24 13:48:01.917] [debug] [storage] flushing DOMStorage to disk (session=true)
[2026-07-24 13:48:02.329] [debug] [storage] flushing DOMStorage to disk (session=true)
[2026-07-24 13:48:02.345] [debug] [storage] flushing DOMStorage to disk (session=true)
[2026-07-24 13:48:02.768] [debug] [storage] flushing DOMStorage to disk (session=true)
[2026-07-24 13:48:03.232] [debug] [storage] flushing DOMStorage to disk (session=true)
[2026-07-24 13:48:08.247] [debug] [storage] flushing DOMStorage to disk (session=true)
[2026-07-24 13:48:13.330] [debug] [storage] flushing DOMStorage to disk (session=true)
[2026-07-24 13:48:13.513] [debug] [storage] flushing DOMStorage to disk (session=true)
[2026-07-24 13:48:14.014] [debug] [storage] flushing DOMStorage to disk (session=true)
[2026-07-24 13:48:14.068] [debug] [storage] flushing DOMStorage to disk (session=true)
[2026-07-24 13:48:19.070] [debug] [storage] flushing DOMStorage to disk (session=true)
[2026-07-24 13:48:23.583] [debug] [storage] flushing DOMStorage to disk (session=true)
[2026-07-24 13:48:23.677] [debug] [storage] flushing DOMStorage to disk (session=true)
[2026-07-24 13:48:25.366] [debug] [storage] flushing DOMStorage to disk (session=true)
[2026-07-24 13:48:30.363] [debug] [storage] flushing DOMStorage to disk (session=true)
[2026-07-24 13:48:49.224] [debug] [storage] flushing DOMStorage to disk (session=true)
[2026-07-24 13:48:53.400] [debug] [storage] flushing DOMStorage to disk (session=true)
[2026-07-24 13:48:55.372] [debug] [storage] flushing DOMStorage to disk (session=true)
[2026-07-24 13:49:00.361] [debug] [storage] flushing DOMStorage to disk (session=true)
[2026-07-24 13:49:00.864] [debug] [storage] flushing DOMStorage to disk (session=true)
[2026-07-24 13:49:05.843] [debug] [storage] flushing DOMStorage to disk (session=true)
[2026-07-24 13:49:06.403] [debug] [storage] flushing DOMStorage to disk (session=true)
[2026-07-24 13:49:11.397] [debug] [storage] flushing DOMStorage to disk (session=true)
[2026-07-24 13:49:18.434] [debug] [storage] flushing DOMStorage to disk (session=true)
[2026-07-24 13:49:18.946] [debug] [storage] flushing DOMStorage to disk (session=true)
[2026-07-24 13:49:24.002] [debug] [storage] flushing DOMStorage to disk (session=true)
[2026-07-24 13:49:54.208] [debug] [storage] flushing DOMStorage to disk (session=true)
[2026-07-24 13:50:24.435] [debug] [storage] flushing DOMStorage to disk (session=true)
[2026-07-24 13:50:54.938] [debug] [storage] flushing DOMStorage to disk (session=true)
[2026-07-24 13:51:25.436] [debug] [storage] flushing DOMStorage to disk (session=true)
[2026-07-24 13:51:42.580] [debug] [storage] flushing DOMStorage to disk (session=true)
[2026-07-24 13:51:47.575] [debug] [storage] flushing DOMStorage to disk (session=true)
[2026-07-24 13:51:55.571] [debug] [storage] flushing DOMStorage to disk (session=true)
[2026-07-24 13:52:05.887] [debug] [storage] flushing DOMStorage to disk (session=true)
[2026-07-24 13:54:40.206] [debug] [NativeMessaging] Installing manifests...
[2026-07-24 13:54:40.246] [info]  [NativeMessaging] IPC server listening
[2026-07-24 13:54:43.716] [debug] [storage] flushing DOMStorage to disk (session=true)
[2026-07-24 13:54:43.773] [debug] [storage] flushing DOMStorage to disk (session=true)
[2026-07-24 13:54:44.249] [debug] [storage] flushing DOMStorage to disk (session=true)
[2026-07-24 13:54:49.151] [debug] [storage] flushing DOMStorage to disk (session=true)
[2026-07-24 13:54:54.150] [debug] [storage] flushing DOMStorage to disk (session=true)
[2026-07-24 13:55:19.384] [debug] [storage] flushing DOMStorage to disk (session=true)
[2026-07-24 13:55:47.887] [debug] [storage] flushing DOMStorage to disk (session=true)
[2026-07-24 14:02:03.366] [debug] [NativeMessaging] Installing manifests...
[2026-07-24 14:02:03.414] [info]  [NativeMessaging] IPC server listening
[2026-07-24 14:02:08.093] [debug] [storage] flushing DOMStorage to disk (session=true)
[2026-07-24 14:02:08.141] [debug] [storage] flushing DOMStorage to disk (session=true)
[2026-07-24 14:02:08.400] [debug] [storage] flushing DOMStorage to disk (session=true)
[2026-07-24 14:02:08.553] [debug] [storage] flushing DOMStorage to disk (session=true)
[2026-07-24 14:02:13.554] [debug] [storage] flushing DOMStorage to disk (session=true)
[2026-07-24 14:02:16.196] [debug] [storage] flushing DOMStorage to disk (session=true)
[2026-07-24 14:02:21.184] [debug] [storage] flushing DOMStorage to disk (session=true)
[2026-07-24 14:02:43.715] [debug] [storage] flushing DOMStorage to disk (session=true)
[2026-07-24 14:03:13.877] [debug] [storage] flushing DOMStorage to disk (session=true)
[2026-07-24 14:03:44.084] [debug] [storage] flushing DOMStorage to disk (session=true)
[2026-07-24 14:04:14.157] [debug] [storage] flushing DOMStorage to disk (session=true)
[2026-07-24 14:04:44.202] [debug] [storage] flushing DOMStorage to disk (session=true)
[2026-07-24 14:05:14.417] [debug] [storage] flushing DOMStorage to disk (session=true)
[2026-07-24 14:05:44.511] [debug] [storage] flushing DOMStorage to disk (session=true)
[2026-07-24 14:06:14.599] [debug] [storage] flushing DOMStorage to disk (session=true)
[2026-07-24 14:06:44.894] [debug] [storage] flushing DOMStorage to disk (session=true)
[2026-07-24 14:07:09.511] [debug] [storage] flushing DOMStorage to disk (session=true)
[2026-07-24 14:07:15.514] [debug] [storage] flushing DOMStorage to disk (session=true)
[2026-07-24 14:07:45.810] [debug] [storage] flushing DOMStorage to disk (session=true)
[2026-07-24 14:08:15.872] [debug] [storage] flushing DOMStorage to disk (session=true)
[2026-07-24 14:08:46.362] [debug] [storage] flushing DOMStorage to disk (session=true)
[2026-07-24 14:09:16.985] [debug] [storage] flushing DOMStorage to disk (session=true)
[2026-07-24 14:09:47.406] [debug] [storage] flushing DOMStorage to disk (session=true)
[2026-07-24 14:10:17.460] [debug] [storage] flushing DOMStorage to disk (session=true)
[2026-07-24 14:10:51.579] [debug] [storage] flushing DOMStorage to disk (session=true)
[2026-07-24 14:11:21.656] [debug] [storage] flushing DOMStorage to disk (session=true)
[2026-07-24 14:11:52.064] [debug] [storage] flushing DOMStorage to disk (session=true)
[2026-07-24 14:12:08.658] [debug] [storage] flushing DOMStorage to disk (session=true)
[2026-07-24 14:12:13.660] [debug] [storage] flushing DOMStorage to disk (session=true)
[2026-07-24 14:12:22.228] [debug] [storage] flushing DOMStorage to disk (session=true)
[2026-07-24 14:12:52.405] [debug] [storage] flushing DOMStorage to disk (session=true)
[2026-07-24 14:13:22.577] [debug] [storage] flushing DOMStorage to disk (session=true)
[2026-07-24 14:13:52.691] [debug] [storage] flushing DOMStorage to disk (session=true)
[2026-07-24 14:14:22.869] [debug] [storage] flushing DOMStorage to disk (session=true)
[2026-07-24 14:14:58.004] [debug] [storage] flushing DOMStorage to disk (session=true)
[2026-07-24 14:15:28.507] [debug] [storage] flushing DOMStorage to disk (session=true)
[2026-07-24 14:15:58.668] [debug] [storage] flushing DOMStorage to disk (session=true)
[2026-07-24 14:16:28.853] [debug] [storage] flushing DOMStorage to disk (session=true)
[2026-07-24 14:16:59.025] [debug] [storage] flushing DOMStorage to disk (session=true)
[2026-07-24 14:17:08.838] [debug] [storage] flushing DOMStorage to disk (session=true)
[2026-07-24 14:17:13.841] [debug] [storage] flushing DOMStorage to disk (session=true)
[2026-07-24 14:17:20.888] [debug] [storage] flushing DOMStorage to disk (session=true)
[2026-07-24 14:20:16.745] [debug] [NativeMessaging] Installing manifests...
[2026-07-24 14:20:16.792] [info]  [NativeMessaging] IPC server listening
[2026-07-24 14:21:36.752] [debug] [storage] flushing DOMStorage to disk (session=true)
[2026-07-24 14:21:36.910] [debug] [storage] flushing DOMStorage to disk (session=true)
[2026-07-24 14:21:36.953] [debug] [storage] flushing DOMStorage to disk (session=true)
[2026-07-24 14:21:37.347] [debug] [storage] flushing DOMStorage to disk (session=true)
[2026-07-24 14:21:42.349] [debug] [storage] flushing DOMStorage to disk (session=true)
[2026-07-24 14:22:12.523] [debug] [storage] flushing DOMStorage to disk (session=true)
[2026-07-24 14:22:42.542] [debug] [storage] flushing DOMStorage to disk (session=true)
[2026-07-24 14:22:54.808] [debug] [storage] flushing DOMStorage to disk (session=true)
[2026-07-24 14:22:55.892] [debug] [storage] flushing DOMStorage to disk (session=true)
[2026-07-24 14:23:01.152] [debug] [storage] flushing DOMStorage to disk (session=true)
[2026-07-24 14:23:12.926] [debug] [storage] flushing DOMStorage to disk (session=true)
[2026-07-24 14:23:42.830] [debug] [storage] flushing DOMStorage to disk (session=true)
[2026-07-24 14:24:12.997] [debug] [storage] flushing DOMStorage to disk (session=true)
[2026-07-24 14:24:43.143] [debug] [storage] flushing DOMStorage to disk (session=true)
[2026-07-24 14:25:13.198] [debug] [storage] flushing DOMStorage to disk (session=true)
[2026-07-24 14:25:43.294] [debug] [storage] flushing DOMStorage to disk (session=true)
[2026-07-24 14:26:13.495] [debug] [storage] flushing DOMStorage to disk (session=true)
[2026-07-24 14:26:37.388] [debug] [storage] flushing DOMStorage to disk (session=true)
[2026-07-24 14:26:43.690] [debug] [storage] flushing DOMStorage to disk (session=true)
[2026-07-24 14:27:14.092] [debug] [storage] flushing DOMStorage to disk (session=true)
[2026-07-24 14:27:44.649] [debug] [storage] flushing DOMStorage to disk (session=true)
[2026-07-24 14:28:15.159] [debug] [storage] flushing DOMStorage to disk (session=true)
[2026-07-24 14:28:45.651] [debug] [storage] flushing DOMStorage to disk (session=true)
[2026-07-24 14:29:15.709] [debug] [storage] flushing DOMStorage to disk (session=true)
[2026-07-24 14:29:45.881] [debug] [storage] flushing DOMStorage to disk (session=true)
[2026-07-24 14:30:16.046] [debug] [storage] flushing DOMStorage to disk (session=true)
[2026-07-24 14:30:22.646] [debug] [storage] flushing DOMStorage to disk (session=true)
[2026-07-24 14:30:27.636] [debug] [storage] flushing DOMStorage to disk (session=true)
[2026-07-24 14:30:46.536] [debug] [storage] flushing DOMStorage to disk (session=true)
[2026-07-24 14:31:17.039] [debug] [storage] flushing DOMStorage to disk (session=true)
[2026-07-24 14:31:37.504] [debug] [storage] flushing DOMStorage to disk (session=true)
[2026-07-24 14:31:47.205] [debug] [storage] flushing DOMStorage to disk (session=true)
[2026-07-24 14:32:17.429] [debug] [storage] flushing DOMStorage to disk (session=true)
[2026-07-24 14:32:47.506] [debug] [storage] flushing DOMStorage to disk (session=true)
[2026-07-24 14:33:17.667] [debug] [storage] flushing DOMStorage to disk (session=true)
[2026-07-24 14:33:48.166] [debug] [storage] flushing DOMStorage to disk (session=true)
[2026-07-24 14:34:18.240] [debug] [storage] flushing DOMStorage to disk (session=true)
[2026-07-24 14:34:48.543] [debug] [storage] flushing DOMStorage to disk (session=true)
[2026-07-24 14:35:13.199] [debug] [storage] flushing DOMStorage to disk (session=true)
[2026-07-24 14:35:18.696] [debug] [storage] flushing DOMStorage to disk (session=true)
[2026-07-24 14:35:44.542] [debug] [storage] flushing DOMStorage to disk (session=true)
[2026-07-24 14:35:49.552] [debug] [storage] flushing DOMStorage to disk (session=true)
[2026-07-24 14:36:19.224] [debug] [storage] flushing DOMStorage to disk (session=true)
[2026-07-24 14:36:37.476] [debug] [storage] flushing DOMStorage to disk (session=true)
[2026-07-24 14:36:42.479] [debug] [storage] flushing DOMStorage to disk (session=true)
[2026-07-24 14:36:49.401] [debug] [storage] flushing DOMStorage to disk (session=true)
[2026-07-24 14:37:19.576] [debug] [storage] flushing DOMStorage to disk (session=true)
[2026-07-24 14:37:50.096] [debug] [storage] flushing DOMStorage to disk (session=true)
[2026-07-24 14:38:20.453] [debug] [storage] flushing DOMStorage to disk (session=true)
[2026-07-24 14:38:50.636] [debug] [storage] flushing DOMStorage to disk (session=true)
[2026-07-24 14:39:21.126] [debug] [storage] flushing DOMStorage to disk (session=true)
[2026-07-24 14:39:51.899] [debug] [storage] flushing DOMStorage to disk (session=true)
[2026-07-24 14:40:21.986] [debug] [storage] flushing DOMStorage to disk (session=true)
[2026-07-24 14:40:52.518] [debug] [storage] flushing DOMStorage to disk (session=true)
[2026-07-24 14:41:22.670] [debug] [storage] flushing DOMStorage to disk (session=true)
[2026-07-24 14:41:37.856] [debug] [storage] flushing DOMStorage to disk (session=true)
[2026-07-24 14:41:42.857] [debug] [storage] flushing DOMStorage to disk (session=true)
[2026-07-24 14:41:53.165] [debug] [storage] flushing DOMStorage to disk (session=true)
[2026-07-24 14:42:23.318] [debug] [storage] flushing DOMStorage to disk (session=true)
[2026-07-24 14:42:53.518] [debug] [storage] flushing DOMStorage to disk (session=true)
[2026-07-24 14:43:23.681] [debug] [storage] flushing DOMStorage to disk (session=true)
[2026-07-24 14:43:53.844] [debug] [storage] flushing DOMStorage to disk (session=true)
[2026-07-24 14:44:23.894] [debug] [storage] flushing DOMStorage to disk (session=true)
[2026-07-24 14:44:54.377] [debug] [storage] flushing DOMStorage to disk (session=true)
[2026-07-24 14:45:24.552] [debug] [storage] flushing DOMStorage to disk (session=true)
[2026-07-24 14:45:54.615] [debug] [storage] flushing DOMStorage to disk (session=true)
[2026-07-24 14:46:24.793] [debug] [storage] flushing DOMStorage to disk (session=true)
[2026-07-24 14:46:37.386] [debug] [storage] flushing DOMStorage to disk (session=true)
[2026-07-24 14:46:42.388] [debug] [storage] flushing DOMStorage to disk (session=true)
[2026-07-24 14:46:54.941] [debug] [storage] flushing DOMStorage to disk (session=true)
[2026-07-24 14:47:25.095] [debug] [storage] flushing DOMStorage to disk (session=true)
[2026-07-24 14:47:55.246] [debug] [storage] flushing DOMStorage to disk (session=true)
[2026-07-24 14:48:26.127] [debug] [storage] flushing DOMStorage to disk (session=true)
[2026-07-24 14:48:56.281] [debug] [storage] flushing DOMStorage to disk (session=true)
[2026-07-24 14:49:26.926] [debug] [storage] flushing DOMStorage to disk (session=true)
[2026-07-24 14:49:56.975] [debug] [storage] flushing DOMStorage to disk (session=true)
[2026-07-24 14:50:27.135] [debug] [storage] flushing DOMStorage to disk (session=true)
[2026-07-24 14:50:57.625] [debug] [storage] flushing DOMStorage to disk (session=true)
[2026-07-24 14:51:27.796] [debug] [storage] flushing DOMStorage to disk (session=true)
[2026-07-24 14:51:37.849] [debug] [storage] flushing DOMStorage to disk (session=true)
[2026-07-24 14:51:42.851] [debug] [storage] flushing DOMStorage to disk (session=true)
[2026-07-24 14:51:57.984] [debug] [storage] flushing DOMStorage to disk (session=true)
[2026-07-24 14:52:28.464] [debug] [storage] flushing DOMStorage to disk (session=true)
[2026-07-24 14:52:58.531] [debug] [storage] flushing DOMStorage to disk (session=true)
[2026-07-24 14:53:28.685] [debug] [storage] flushing DOMStorage to disk (session=true)
[2026-07-24 14:53:58.852] [debug] [storage] flushing DOMStorage to disk (session=true)
[2026-07-24 14:54:29.009] [debug] [storage] flushing DOMStorage to disk (session=true)
[2026-07-24 14:54:46.888] [debug] [storage] flushing DOMStorage to disk (session=true)
[2026-07-24 23:16:50.339] [debug] [NativeMessaging] Installing manifests...
[2026-07-24 23:16:50.518] [info]  [NativeMessaging] IPC server listening
[2026-07-24 23:16:50.906] [info]  Electron's autoUpdater does not support the 'linux' platform. Ref: https://www.electronjs.org/docs/latest/api/auto-updater#platform-notices
[2026-07-24 23:16:50.950] [debug] [storage] flushing DOMStorage to disk (session=true)
[2026-07-24 23:16:51.342] [debug] [storage] flushing DOMStorage to disk (session=true)
[2026-07-24 23:16:51.375] [debug] [storage] flushing DOMStorage to disk (session=true)
[2026-07-24 23:16:51.475] [debug] [storage] flushing DOMStorage to disk (session=true)
[2026-07-24 23:16:53.001] [debug] [storage] flushing DOMStorage to disk (session=true)
[2026-07-24 23:16:53.244] [debug] [storage] flushing DOMStorage to disk (session=true)
[2026-07-24 23:16:55.792] [debug] [storage] flushing DOMStorage to disk (session=true)
[2026-07-24 23:16:56.035] [debug] [storage] flushing DOMStorage to disk (session=true)
[2026-07-24 23:16:56.311] [debug] [storage] flushing DOMStorage to disk (session=true)
[2026-07-24 23:16:56.486] [debug] [storage] flushing DOMStorage to disk (session=true)
[2026-07-24 23:17:02.325] [debug] [storage] flushing DOMStorage to disk (session=true)
[2026-07-24 23:17:07.323] [debug] [storage] flushing DOMStorage to disk (session=true)
[2026-07-24 23:17:31.607] [debug] [storage] flushing DOMStorage to disk (session=true)
[2026-07-24 23:17:56.161] [debug] [storage] flushing DOMStorage to disk (session=true)
[2026-07-24 23:18:01.636] [debug] [storage] flushing DOMStorage to disk (session=true)
[2026-07-24 23:18:32.219] [debug] [storage] flushing DOMStorage to disk (session=true)
[2026-07-24 23:19:02.286] [debug] [storage] flushing DOMStorage to disk (session=true)
[2026-07-24 23:19:32.775] [debug] [storage] flushing DOMStorage to disk (session=true)
[2026-07-25 00:40:53.281] [debug] [NativeMessaging] Installing manifests...
[2026-07-25 00:40:53.409] [info]  [NativeMessaging] IPC server listening
[2026-07-25 00:40:53.771] [info]  Electron's autoUpdater does not support the 'linux' platform. Ref: https://www.electronjs.org/docs/latest/api/auto-updater#platform-notices
[2026-07-25 00:40:53.808] [debug] [storage] flushing DOMStorage to disk (session=true)
[2026-07-25 00:40:54.247] [debug] [storage] flushing DOMStorage to disk (session=true)
[2026-07-25 00:40:54.282] [debug] [storage] flushing DOMStorage to disk (session=true)
[2026-07-25 00:40:55.182] [debug] [storage] flushing DOMStorage to disk (session=true)
[2026-07-25 00:40:56.368] [debug] [storage] flushing DOMStorage to disk (session=true)
[2026-07-25 00:41:01.304] [debug] [storage] flushing DOMStorage to disk (session=true)
[2026-07-25 00:41:01.506] [debug] [storage] flushing DOMStorage to disk (session=true)
[2026-07-25 00:41:02.398] [debug] [storage] flushing DOMStorage to disk (session=true)
[2026-07-25 00:41:02.697] [debug] [storage] flushing DOMStorage to disk (session=true)
[2026-07-25 00:41:03.845] [debug] [storage] flushing DOMStorage to disk (session=true)
[2026-07-25 00:41:04.219] [debug] [storage] flushing DOMStorage to disk (session=true)
[2026-07-25 00:41:05.092] [debug] [storage] flushing DOMStorage to disk (session=true)
[2026-07-25 00:41:08.528] [debug] [storage] flushing DOMStorage to disk (session=true)
[2026-07-25 00:41:13.529] [debug] [storage] flushing DOMStorage to disk (session=true)
[2026-07-25 00:41:37.451] [debug] [storage] flushing DOMStorage to disk (session=true)
[2026-07-25 00:42:07.619] [debug] [storage] flushing DOMStorage to disk (session=true)
[2026-07-25 00:42:37.803] [debug] [storage] flushing DOMStorage to disk (session=true)
[2026-07-25 00:43:07.980] [debug] [storage] flushing DOMStorage to disk (session=true)
[2026-07-25 00:43:38.472] [debug] [storage] flushing DOMStorage to disk (session=true)
[2026-07-25 00:44:08.635] [debug] [storage] flushing DOMStorage to disk (session=true)
[2026-07-25 00:44:39.126] [debug] [storage] flushing DOMStorage to disk (session=true)
[2026-07-25 00:45:09.304] [debug] [storage] flushing DOMStorage to disk (session=true)
[2026-07-25 00:45:39.382] [debug] [storage] flushing DOMStorage to disk (session=true)
[2026-07-25 00:46:01.957] [debug] [storage] flushing DOMStorage to disk (session=true)
[2026-07-25 00:46:09.443] [debug] [storage] flushing DOMStorage to disk (session=true)
[2026-07-25 00:46:39.610] [debug] [storage] flushing DOMStorage to disk (session=true)
[2026-07-25 00:47:10.162] [debug] [storage] flushing DOMStorage to disk (session=true)
[2026-07-25 00:47:40.656] [debug] [storage] flushing DOMStorage to disk (session=true)
[2026-07-25 00:48:10.863] [debug] [storage] flushing DOMStorage to disk (session=true)
[2026-07-25 00:48:40.909] [debug] [storage] flushing DOMStorage to disk (session=true)
[2026-07-25 00:49:11.377] [debug] [storage] flushing DOMStorage to disk (session=true)
[2026-07-25 00:49:41.876] [debug] [storage] flushing DOMStorage to disk (session=true)
[2026-07-25 00:50:06.149] [debug] [storage] flushing DOMStorage to disk (session=true)
[2026-07-25 00:50:11.943] [debug] [storage] flushing DOMStorage to disk (session=true)
[2026-07-25 00:50:41.995] [debug] [storage] flushing DOMStorage to disk (session=true)
[2026-07-25 00:51:02.523] [debug] [storage] flushing DOMStorage to disk (session=true)
[2026-07-25 00:51:12.486] [debug] [storage] flushing DOMStorage to disk (session=true)
[2026-07-25 00:51:42.976] [debug] [storage] flushing DOMStorage to disk (session=true)
[2026-07-25 00:52:13.447] [debug] [storage] flushing DOMStorage to disk (session=true)
[2026-07-25 00:52:43.946] [debug] [storage] flushing DOMStorage to disk (session=true)
[2026-07-25 00:53:14.014] [debug] [storage] flushing DOMStorage to disk (session=true)
[2026-07-25 00:53:38.485] [debug] [NativeMessaging] Installing manifests...
[2026-07-25 00:53:38.524] [info]  [NativeMessaging] IPC server listening
[2026-07-25 00:53:44.517] [debug] [storage] flushing DOMStorage to disk (session=true)
[2026-07-25 00:53:55.692] [debug] [storage] flushing DOMStorage to disk (session=true)
[2026-07-25 00:54:11.388] [debug] [storage] flushing DOMStorage to disk (session=true)
[2026-07-25 00:54:14.820] [debug] [storage] flushing DOMStorage to disk (session=true)
[2026-07-25 00:54:16.405] [debug] [storage] flushing DOMStorage to disk (session=true)
[2026-07-25 00:54:20.146] [debug] [storage] flushing DOMStorage to disk (session=true)
[2026-07-25 00:54:27.110] [debug] [storage] flushing DOMStorage to disk (session=true)
[2026-07-25 00:54:32.127] [debug] [storage] flushing DOMStorage to disk (session=true)
[2026-07-25 00:54:46.518] [debug] [storage] flushing DOMStorage to disk (session=true)
[2026-07-25 00:55:14.889] [debug] [storage] flushing DOMStorage to disk (session=true)
[2026-07-25 00:55:47.211] [debug] [storage] flushing DOMStorage to disk (session=true)
[2026-07-25 00:56:02.445] [debug] [storage] flushing DOMStorage to disk (session=true)
[2026-07-25 00:56:07.447] [debug] [storage] flushing DOMStorage to disk (session=true)
[2026-07-25 00:56:15.976] [debug] [storage] flushing DOMStorage to disk (session=true)
[2026-07-25 00:56:46.028] [debug] [storage] flushing DOMStorage to disk (session=true)
[2026-07-25 00:57:16.175] [debug] [storage] flushing DOMStorage to disk (session=true)
[2026-07-25 00:57:46.666] [debug] [storage] flushing DOMStorage to disk (session=true)
[2026-07-25 00:58:16.715] [debug] [storage] flushing DOMStorage to disk (session=true)
[2026-07-25 00:58:49.484] [debug] [storage] flushing DOMStorage to disk (session=true)
[2026-07-25 00:59:17.253] [debug] [storage] flushing DOMStorage to disk (session=true)
[2026-07-25 00:59:47.303] [debug] [storage] flushing DOMStorage to disk (session=true)
[2026-07-25 01:00:17.370] [debug] [storage] flushing DOMStorage to disk (session=true)
[2026-07-25 01:00:47.438] [debug] [storage] flushing DOMStorage to disk (session=true)
[2026-07-25 01:00:57.127] [debug] [storage] flushing DOMStorage to disk (session=true)
[2026-07-25 01:01:01.973] [debug] [storage] flushing DOMStorage to disk (session=true)
[2026-07-25 01:01:06.976] [debug] [storage] flushing DOMStorage to disk (session=true)
[2026-07-25 01:01:17.486] [debug] [storage] flushing DOMStorage to disk (session=true)
[2026-07-25 01:01:47.557] [debug] [storage] flushing DOMStorage to disk (session=true)
[2026-07-25 01:02:17.614] [debug] [storage] flushing DOMStorage to disk (session=true)
[2026-07-25 01:02:47.790] [debug] [storage] flushing DOMStorage to disk (session=true)
[2026-07-25 01:03:18.313] [debug] [storage] flushing DOMStorage to disk (session=true)
[2026-07-25 01:03:48.983] [debug] [storage] flushing DOMStorage to disk (session=true)
[2026-07-25 01:04:19.464] [debug] [storage] flushing DOMStorage to disk (session=true)
[2026-07-25 01:04:49.629] [debug] [storage] flushing DOMStorage to disk (session=true)
[2026-07-25 01:05:19.788] [debug] [storage] flushing DOMStorage to disk (session=true)
[2026-07-25 01:05:49.855] [debug] [storage] flushing DOMStorage to disk (session=true)
[2026-07-25 01:06:01.973] [debug] [storage] flushing DOMStorage to disk (session=true)
[2026-07-25 01:06:06.975] [debug] [storage] flushing DOMStorage to disk (session=true)
[2026-07-25 01:06:19.905] [debug] [storage] flushing DOMStorage to disk (session=true)
[2026-07-25 01:06:49.958] [debug] [storage] flushing DOMStorage to disk (session=true)
[2026-07-25 01:07:20.134] [debug] [storage] flushing DOMStorage to disk (session=true)
[2026-07-25 01:07:50.301] [debug] [storage] flushing DOMStorage to disk (session=true)
[2026-07-25 01:08:20.370] [debug] [storage] flushing DOMStorage to disk (session=true)
[2026-07-25 01:08:50.529] [debug] [storage] flushing DOMStorage to disk (session=true)
[2026-07-25 01:09:20.679] [debug] [storage] flushing DOMStorage to disk (session=true)
[2026-07-25 01:09:50.730] [debug] [storage] flushing DOMStorage to disk (session=true)
[2026-07-25 01:10:20.902] [debug] [storage] flushing DOMStorage to disk (session=true)
[2026-07-25 01:10:51.101] [debug] [storage] flushing DOMStorage to disk (session=true)
[2026-07-25 01:11:02.501] [debug] [storage] flushing DOMStorage to disk (session=true)
[2026-07-25 01:11:07.503] [debug] [storage] flushing DOMStorage to disk (session=true)
[2026-07-25 01:11:21.265] [debug] [storage] flushing DOMStorage to disk (session=true)
[2026-07-25 01:11:51.322] [debug] [storage] flushing DOMStorage to disk (session=true)
[2026-07-25 01:12:21.850] [debug] [storage] flushing DOMStorage to disk (session=true)
[2026-07-25 01:12:51.900] [debug] [storage] flushing DOMStorage to disk (session=true)
[2026-07-25 01:13:22.084] [debug] [storage] flushing DOMStorage to disk (session=true)
[2026-07-25 01:13:52.280] [debug] [storage] flushing DOMStorage to disk (session=true)
[2026-07-25 01:14:22.771] [debug] [storage] flushing DOMStorage to disk (session=true)
[2026-07-25 01:14:30.526] [debug] [NativeMessaging] Installing manifests...
[2026-07-25 01:14:30.573] [info]  [NativeMessaging] IPC server listening
[2026-07-25 01:14:35.813] [debug] [storage] flushing DOMStorage to disk (session=true)
[2026-07-25 01:14:40.814] [debug] [storage] flushing DOMStorage to disk (session=true)
[2026-07-25 01:14:52.838] [debug] [storage] flushing DOMStorage to disk (session=true)
[2026-07-25 01:15:23.352] [debug] [storage] flushing DOMStorage to disk (session=true)
[2026-07-25 01:15:47.436] [debug] [storage] flushing DOMStorage to disk (session=true)
[2026-07-25 01:15:53.527] [debug] [storage] flushing DOMStorage to disk (session=true)
[2026-07-25 01:16:01.979] [debug] [storage] flushing DOMStorage to disk (session=true)
[2026-07-25 01:16:06.982] [debug] [storage] flushing DOMStorage to disk (session=true)
[2026-07-25 01:16:24.008] [debug] [storage] flushing DOMStorage to disk (session=true)
[2026-07-25 01:16:54.055] [debug] [storage] flushing DOMStorage to disk (session=true)
[2026-07-25 01:17:24.205] [debug] [storage] flushing DOMStorage to disk (session=true)
[2026-07-25 01:17:54.255] [debug] [storage] flushing DOMStorage to disk (session=true)
[2026-07-25 01:18:24.408] [debug] [storage] flushing DOMStorage to disk (session=true)
[2026-07-25 01:18:54.904] [debug] [storage] flushing DOMStorage to disk (session=true)
[2026-07-25 01:19:25.074] [debug] [storage] flushing DOMStorage to disk (session=true)
[2026-07-25 01:19:55.237] [debug] [storage] flushing DOMStorage to disk (session=true)
[2026-07-25 01:20:25.715] [debug] [storage] flushing DOMStorage to disk (session=true)
[2026-07-25 01:20:56.196] [debug] [storage] flushing DOMStorage to disk (session=true)
[2026-07-25 01:21:02.362] [debug] [storage] flushing DOMStorage to disk (session=true)
[2026-07-25 01:21:07.365] [debug] [storage] flushing DOMStorage to disk (session=true)
[2026-07-25 01:21:25.063] [debug] [storage] flushing DOMStorage to disk (session=true)
[2026-07-25 01:21:30.085] [debug] [storage] flushing DOMStorage to disk (session=true)
[2026-07-25 01:21:40.769] [debug] [storage] flushing DOMStorage to disk (session=true)
[2026-07-25 01:21:45.784] [debug] [storage] flushing DOMStorage to disk (session=true)
[2026-07-25 01:21:59.763] [debug] [storage] flushing DOMStorage to disk (session=true)
[2026-07-25 01:22:26.384] [debug] [storage] flushing DOMStorage to disk (session=true)
[2026-07-25 01:22:56.556] [debug] [storage] flushing DOMStorage to disk (session=true)
[2026-07-25 01:23:18.518] [debug] [storage] flushing DOMStorage to disk (session=true)
[2026-07-25 17:26:53.034] [debug] [NativeMessaging] Installing manifests...
[2026-07-25 17:26:53.260] [info]  [NativeMessaging] IPC server listening
[2026-07-25 17:26:53.760] [info]  Electron's autoUpdater does not support the 'linux' platform. Ref: https://www.electronjs.org/docs/latest/api/auto-updater#platform-notices
[2026-07-25 17:26:53.811] [debug] [storage] flushing DOMStorage to disk (session=true)
[2026-07-25 17:26:58.769] [debug] [storage] flushing DOMStorage to disk (session=true)
[2026-07-25 17:26:58.997] [debug] [storage] flushing DOMStorage to disk (session=true)
[2026-07-25 17:26:59.091] [debug] [storage] flushing DOMStorage to disk (session=true)
[2026-07-25 17:27:04.002] [debug] [storage] flushing DOMStorage to disk (session=true)
[2026-07-25 17:27:10.362] [debug] [NativeMessaging] Installing manifests...
[2026-07-25 17:27:10.430] [info]  [NativeMessaging] IPC server listening
[2026-07-25 17:27:12.668] [debug] [storage] flushing DOMStorage to disk (session=true)
[2026-07-25 17:27:13.372] [debug] [storage] flushing DOMStorage to disk (session=true)
[2026-07-25 17:27:13.442] [debug] [storage] flushing DOMStorage to disk (session=true)
[2026-07-25 17:27:13.753] [debug] [storage] flushing DOMStorage to disk (session=true)
[2026-07-25 17:27:14.082] [debug] [storage] flushing DOMStorage to disk (session=true)
[2026-07-25 17:27:14.278] [debug] [storage] flushing DOMStorage to disk (session=true)
[2026-07-25 17:27:19.282] [debug] [storage] flushing DOMStorage to disk (session=true)
[2026-07-25 17:27:22.023] [debug] [storage] flushing DOMStorage to disk (session=true)
[2026-07-25 17:27:27.024] [debug] [storage] flushing DOMStorage to disk (session=true)
[2026-07-25 17:27:37.224] [debug] [storage] flushing DOMStorage to disk (session=true)
[2026-07-25 17:28:14.221] [debug] [storage] flushing DOMStorage to disk (session=true)
[2026-07-25 23:02:18.617] [debug] [NativeMessaging] Installing manifests...
[2026-07-25 23:02:18.669] [info]  [NativeMessaging] IPC server listening
[2026-07-25 23:02:22.053] [debug] [storage] flushing DOMStorage to disk (session=true)
[2026-07-25 23:02:22.101] [debug] [storage] flushing DOMStorage to disk (session=true)
[2026-07-25 23:02:22.504] [debug] [storage] flushing DOMStorage to disk (session=true)
[2026-07-25 23:02:22.593] [debug] [storage] flushing DOMStorage to disk (session=true)
[2026-07-25 23:02:27.601] [debug] [storage] flushing DOMStorage to disk (session=true)
[2026-07-25 23:02:27.767] [debug] [storage] flushing DOMStorage to disk (session=true)
[2026-07-25 23:02:32.761] [debug] [storage] flushing DOMStorage to disk (session=true)
[2026-07-25 23:02:57.781] [debug] [storage] flushing DOMStorage to disk (session=true)
[2026-07-25 23:03:27.629] [debug] [storage] flushing DOMStorage to disk (session=true)
[2026-07-25 23:03:57.831] [debug] [storage] flushing DOMStorage to disk (session=true)
[2026-07-25 23:04:27.898] [debug] [storage] flushing DOMStorage to disk (session=true)
[2026-07-25 23:04:57.943] [debug] [storage] flushing DOMStorage to disk (session=true)
[2026-07-25 23:05:28.151] [debug] [storage] flushing DOMStorage to disk (session=true)
[2026-07-25 23:05:58.353] [debug] [storage] flushing DOMStorage to disk (session=true)
[2026-07-25 23:06:28.426] [debug] [storage] flushing DOMStorage to disk (session=true)
[2026-07-25 23:06:58.583] [debug] [storage] flushing DOMStorage to disk (session=true)
[2026-07-25 23:07:23.224] [debug] [storage] flushing DOMStorage to disk (session=true)
[2026-07-25 23:18:12.240] [debug] [NativeMessaging] Installing manifests...
[2026-07-25 23:18:12.339] [info]  [NativeMessaging] IPC server listening
[2026-07-25 23:18:17.316] [debug] [storage] flushing DOMStorage to disk (session=true)
[2026-07-25 23:18:19.408] [debug] [storage] flushing DOMStorage to disk (session=true)
[2026-07-25 23:18:19.454] [debug] [storage] flushing DOMStorage to disk (session=true)
[2026-07-25 23:18:19.840] [debug] [storage] flushing DOMStorage to disk (session=true)
[2026-07-25 23:18:19.956] [debug] [storage] flushing DOMStorage to disk (session=true)
[2026-07-25 23:18:24.128] [debug] [storage] flushing DOMStorage to disk (session=true)
[2026-07-25 23:18:29.120] [debug] [storage] flushing DOMStorage to disk (session=true)
[2026-07-25 23:18:54.959] [debug] [storage] flushing DOMStorage to disk (session=true)
[2026-07-25 23:19:24.979] [debug] [storage] flushing DOMStorage to disk (session=true)
[2026-07-25 23:19:55.150] [debug] [storage] flushing DOMStorage to disk (session=true)
[2026-07-25 23:20:25.661] [debug] [storage] flushing DOMStorage to disk (session=true)
[2026-07-25 23:20:55.707] [debug] [storage] flushing DOMStorage to disk (session=true)
[2026-07-25 23:21:25.773] [debug] [storage] flushing DOMStorage to disk (session=true)
[2026-07-25 23:21:55.956] [debug] [storage] flushing DOMStorage to disk (session=true)
[2026-07-25 23:22:26.473] [debug] [storage] flushing DOMStorage to disk (session=true)
[2026-07-25 23:22:51.283] [debug] [storage] flushing DOMStorage to disk (session=true)
[2026-07-25 23:22:56.549] [debug] [storage] flushing DOMStorage to disk (session=true)
[2026-07-25 23:23:19.887] [debug] [storage] flushing DOMStorage to disk (session=true)
[2026-07-25 23:23:26.612] [debug] [storage] flushing DOMStorage to disk (session=true)
[2026-07-25 23:23:56.796] [debug] [storage] flushing DOMStorage to disk (session=true)
[2026-07-25 23:24:26.858] [debug] [storage] flushing DOMStorage to disk (session=true)
[2026-07-25 23:24:56.925] [debug] [storage] flushing DOMStorage to disk (session=true)
[2026-07-25 23:25:26.983] [debug] [storage] flushing DOMStorage to disk (session=true)
[2026-07-25 23:25:57.462] [debug] [storage] flushing DOMStorage to disk (session=true)
[2026-07-25 23:26:27.627] [debug] [storage] flushing DOMStorage to disk (session=true)
[2026-07-25 23:26:57.687] [debug] [storage] flushing DOMStorage to disk (session=true)
[2026-07-25 23:27:27.846] [debug] [storage] flushing DOMStorage to disk (session=true)
[2026-07-25 23:27:57.895] [debug] [storage] flushing DOMStorage to disk (session=true)
[2026-07-25 23:28:19.889] [debug] [storage] flushing DOMStorage to disk (session=true)
[2026-07-25 23:28:27.945] [debug] [storage] flushing DOMStorage to disk (session=true)
[2026-07-25 23:28:58.529] [debug] [storage] flushing DOMStorage to disk (session=true)
[2026-07-25 23:29:28.679] [debug] [storage] flushing DOMStorage to disk (session=true)
[2026-07-25 23:29:58.853] [debug] [storage] flushing DOMStorage to disk (session=true)
[2026-07-25 23:30:29.035] [debug] [storage] flushing DOMStorage to disk (session=true)
[2026-07-25 23:30:59.529] [debug] [storage] flushing DOMStorage to disk (session=true)
[2026-07-25 23:31:29.691] [debug] [storage] flushing DOMStorage to disk (session=true)
[2026-07-25 23:31:59.850] [debug] [storage] flushing DOMStorage to disk (session=true)
[2026-07-25 23:32:29.915] [debug] [storage] flushing DOMStorage to disk (session=true)
[2026-07-25 23:32:59.976] [debug] [storage] flushing DOMStorage to disk (session=true)
[2026-07-25 23:33:20.007] [debug] [storage] flushing DOMStorage to disk (session=true)
[2026-07-25 23:33:25.011] [debug] [storage] flushing DOMStorage to disk (session=true)
[2026-07-25 23:33:30.136] [debug] [storage] flushing DOMStorage to disk (session=true)
[2026-07-25 23:34:00.291] [debug] [storage] flushing DOMStorage to disk (session=true)
[2026-07-25 23:34:30.362] [debug] [storage] flushing DOMStorage to disk (session=true)
[2026-07-25 23:35:00.415] [debug] [storage] flushing DOMStorage to disk (session=true)
[2026-07-25 23:35:30.459] [debug] [storage] flushing DOMStorage to disk (session=true)
[2026-07-25 23:36:00.614] [debug] [storage] flushing DOMStorage to disk (session=true)
[2026-07-25 23:36:30.793] [debug] [storage] flushing DOMStorage to disk (session=true)
[2026-07-25 23:37:00.842] [debug] [storage] flushing DOMStorage to disk (session=true)
[2026-07-25 23:37:31.004] [debug] [storage] flushing DOMStorage to disk (session=true)
[2026-07-25 23:38:01.071] [debug] [storage] flushing DOMStorage to disk (session=true)
[2026-07-25 23:38:20.043] [debug] [storage] flushing DOMStorage to disk (session=true)
[2026-07-25 23:38:25.047] [debug] [storage] flushing DOMStorage to disk (session=true)
[2026-07-25 23:38:31.227] [debug] [storage] flushing DOMStorage to disk (session=true)
[2026-07-25 23:39:01.278] [debug] [storage] flushing DOMStorage to disk (session=true)
[2026-07-25 23:39:31.432] [debug] [storage] flushing DOMStorage to disk (session=true)
[2026-07-25 23:40:01.476] [debug] [storage] flushing DOMStorage to disk (session=true)
[2026-07-25 23:40:31.529] [debug] [storage] flushing DOMStorage to disk (session=true)
[2026-07-25 23:40:42.224] [debug] [storage] flushing DOMStorage to disk (session=true)
[2026-07-26 01:38:51.733] [debug] [NativeMessaging] Installing manifests...
[2026-07-26 01:38:51.798] [info]  [NativeMessaging] IPC server listening
[2026-07-26 01:38:59.810] [debug] [storage] flushing DOMStorage to disk (session=true)
[2026-07-26 01:38:59.853] [debug] [storage] flushing DOMStorage to disk (session=true)
[2026-07-26 01:39:00.278] [debug] [storage] flushing DOMStorage to disk (session=true)
[2026-07-26 01:39:00.339] [debug] [storage] flushing DOMStorage to disk (session=true)
[2026-07-26 01:39:05.343] [debug] [storage] flushing DOMStorage to disk (session=true)
[2026-07-26 01:39:35.443] [debug] [storage] flushing DOMStorage to disk (session=true)
[2026-07-26 01:40:05.402] [debug] [storage] flushing DOMStorage to disk (session=true)
[2026-07-26 01:40:35.450] [debug] [storage] flushing DOMStorage to disk (session=true)
[2026-07-26 01:41:05.823] [debug] [storage] flushing DOMStorage to disk (session=true)
[2026-07-26 01:41:10.836] [debug] [storage] flushing DOMStorage to disk (session=true)
[2026-07-26 01:41:40.850] [debug] [storage] flushing DOMStorage to disk (session=true)
[2026-07-26 01:42:11.397] [debug] [storage] flushing DOMStorage to disk (session=true)
[2026-07-26 01:42:41.468] [debug] [storage] flushing DOMStorage to disk (session=true)
[2026-07-26 01:43:11.534] [debug] [storage] flushing DOMStorage to disk (session=true)
[2026-07-26 01:43:42.091] [debug] [storage] flushing DOMStorage to disk (session=true)
[2026-07-26 01:44:00.397] [debug] [storage] flushing DOMStorage to disk (session=true)
[2026-07-26 01:44:05.401] [debug] [storage] flushing DOMStorage to disk (session=true)
[2026-07-26 01:44:12.248] [debug] [storage] flushing DOMStorage to disk (session=true)
[2026-07-26 01:44:42.298] [debug] [storage] flushing DOMStorage to disk (session=true)
[2026-07-26 01:45:12.363] [debug] [storage] flushing DOMStorage to disk (session=true)
[2026-07-26 01:45:42.426] [debug] [storage] flushing DOMStorage to disk (session=true)
[2026-07-26 01:46:12.589] [debug] [storage] flushing DOMStorage to disk (session=true)
[2026-07-26 01:46:42.637] [debug] [storage] flushing DOMStorage to disk (session=true)
[2026-07-26 01:46:49.537] [debug] [NativeMessaging] Installing manifests...
[2026-07-26 01:46:49.583] [info]  [NativeMessaging] IPC server listening
[2026-07-26 01:47:01.841] [debug] [storage] flushing DOMStorage to disk (session=true)
[2026-07-26 01:47:06.842] [debug] [storage] flushing DOMStorage to disk (session=true)
[2026-07-26 01:47:12.861] [debug] [storage] flushing DOMStorage to disk (session=true)
[2026-07-26 01:47:26.462] [debug] [storage] flushing DOMStorage to disk (session=true)
[2026-07-26 01:47:31.460] [debug] [storage] flushing DOMStorage to disk (session=true)
[2026-07-26 01:47:42.911] [debug] [storage] flushing DOMStorage to disk (session=true)
[2026-07-26 01:48:13.432] [debug] [storage] flushing DOMStorage to disk (session=true)
[2026-07-26 01:48:43.494] [debug] [storage] flushing DOMStorage to disk (session=true)
[2026-07-26 01:48:44.690] [debug] [storage] flushing DOMStorage to disk (session=true)
[2026-07-26 01:48:49.687] [debug] [storage] flushing DOMStorage to disk (session=true)
[2026-07-26 01:49:00.259] [debug] [storage] flushing DOMStorage to disk (session=true)
[2026-07-26 01:49:01.132] [debug] [storage] flushing DOMStorage to disk (session=true)
[2026-07-26 01:49:06.149] [debug] [storage] flushing DOMStorage to disk (session=true)
[2026-07-26 01:49:13.790] [debug] [storage] flushing DOMStorage to disk (session=true)
[2026-07-26 01:49:43.624] [debug] [storage] flushing DOMStorage to disk (session=true)
[2026-07-26 01:49:53.607] [debug] [storage] flushing DOMStorage to disk (session=true)
[2026-07-26 01:50:02.831] [debug] [storage] flushing DOMStorage to disk (session=true)
[2026-07-26 01:50:13.795] [debug] [storage] flushing DOMStorage to disk (session=true)
[2026-07-26 01:50:43.842] [debug] [storage] flushing DOMStorage to disk (session=true)
[2026-07-26 01:51:13.891] [debug] [storage] flushing DOMStorage to disk (session=true)
[2026-07-26 01:51:43.937] [debug] [storage] flushing DOMStorage to disk (session=true)
[2026-07-26 01:52:14.000] [debug] [storage] flushing DOMStorage to disk (session=true)
[2026-07-26 01:52:44.146] [debug] [storage] flushing DOMStorage to disk (session=true)
[2026-07-26 01:53:14.299] [debug] [storage] flushing DOMStorage to disk (session=true)
[2026-07-26 01:53:44.350] [debug] [storage] flushing DOMStorage to disk (session=true)
[2026-07-26 01:53:59.225] [debug] [storage] flushing DOMStorage to disk (session=true)
[2026-07-26 17:34:40.270] [debug] [NativeMessaging] Installing manifests...
[2026-07-26 17:34:40.445] [info]  [NativeMessaging] IPC server listening
[2026-07-26 17:34:40.803] [info]  Electron's autoUpdater does not support the 'linux' platform. Ref: https://www.electronjs.org/docs/latest/api/auto-updater#platform-notices
[2026-07-26 17:34:40.840] [debug] [storage] flushing DOMStorage to disk (session=true)
[2026-07-26 17:34:41.218] [debug] [storage] flushing DOMStorage to disk (session=true)
[2026-07-26 17:34:41.247] [debug] [storage] flushing DOMStorage to disk (session=true)
[2026-07-26 17:34:41.292] [debug] [storage] flushing DOMStorage to disk (session=true)
[2026-07-26 17:34:41.474] [debug] [storage] flushing DOMStorage to disk (session=true)
[2026-07-26 17:34:45.948] [debug] [storage] flushing DOMStorage to disk (session=true)
[2026-07-26 17:34:46.162] [debug] [storage] flushing DOMStorage to disk (session=true)
[2026-07-26 17:34:46.451] [debug] [storage] flushing DOMStorage to disk (session=true)
[2026-07-26 17:34:46.599] [debug] [storage] flushing DOMStorage to disk (session=true)
[2026-07-26 17:34:51.605] [debug] [storage] flushing DOMStorage to disk (session=true)
[2026-07-26 17:34:56.494] [debug] [storage] flushing DOMStorage to disk (session=true)
[2026-07-26 17:35:01.491] [debug] [storage] flushing DOMStorage to disk (session=true)
[2026-07-26 17:35:21.585] [debug] [storage] flushing DOMStorage to disk (session=true)
[2026-07-26 17:35:46.238] [debug] [storage] flushing DOMStorage to disk (session=true)
[2026-07-26 17:35:51.750] [debug] [storage] flushing DOMStorage to disk (session=true)
[2026-07-26 17:36:22.058] [debug] [storage] flushing DOMStorage to disk (session=true)
[2026-07-26 17:36:52.228] [debug] [storage] flushing DOMStorage to disk (session=true)
[2026-07-26 17:37:22.378] [debug] [storage] flushing DOMStorage to disk (session=true)
[2026-07-26 17:37:52.583] [debug] [storage] flushing DOMStorage to disk (session=true)
[2026-07-26 17:38:22.894] [debug] [storage] flushing DOMStorage to disk (session=true)
[2026-07-26 17:38:53.053] [debug] [storage] flushing DOMStorage to disk (session=true)
[2026-07-26 17:39:23.123] [debug] [storage] flushing DOMStorage to disk (session=true)
[2026-07-26 17:39:46.929] [debug] [storage] flushing DOMStorage to disk (session=true)
[2026-07-26 17:39:53.424] [debug] [storage] flushing DOMStorage to disk (session=true)
[2026-07-26 17:40:23.605] [debug] [storage] flushing DOMStorage to disk (session=true)
[2026-07-26 17:40:53.761] [debug] [storage] flushing DOMStorage to disk (session=true)
[2026-07-26 17:41:23.811] [debug] [storage] flushing DOMStorage to disk (session=true)
[2026-07-26 17:41:53.876] [debug] [storage] flushing DOMStorage to disk (session=true)
[2026-07-26 17:42:23.942] [debug] [storage] flushing DOMStorage to disk (session=true)
[2026-07-26 17:42:54.011] [debug] [storage] flushing DOMStorage to disk (session=true)
[2026-07-26 17:43:24.346] [debug] [storage] flushing DOMStorage to disk (session=true)
[2026-07-26 17:43:54.656] [debug] [storage] flushing DOMStorage to disk (session=true)
[2026-07-26 17:44:05.987] [debug] [NativeMessaging] Installing manifests...
[2026-07-26 17:44:06.026] [info]  [NativeMessaging] IPC server listening
[2026-07-26 17:44:12.248] [debug] [storage] flushing DOMStorage to disk (session=true)
[2026-07-26 17:44:17.248] [debug] [storage] flushing DOMStorage to disk (session=true)
[2026-07-26 17:44:24.834] [debug] [storage] flushing DOMStorage to disk (session=true)
[2026-07-26 17:44:46.636] [debug] [storage] flushing DOMStorage to disk (session=true)
[2026-07-26 17:44:49.549] [debug] [storage] flushing DOMStorage to disk (session=true)
[2026-07-26 17:44:54.904] [debug] [storage] flushing DOMStorage to disk (session=true)
[2026-07-26 17:45:24.953] [debug] [storage] flushing DOMStorage to disk (session=true)
[2026-07-26 17:45:55.246] [debug] [storage] flushing DOMStorage to disk (session=true)
[2026-07-26 17:46:25.557] [debug] [storage] flushing DOMStorage to disk (session=true)
[2026-07-26 17:46:55.918] [debug] [storage] flushing DOMStorage to disk (session=true)
[2026-07-26 17:47:25.966] [debug] [storage] flushing DOMStorage to disk (session=true)
[2026-07-26 17:47:56.018] [debug] [storage] flushing DOMStorage to disk (session=true)
[2026-07-26 17:48:26.327] [debug] [storage] flushing DOMStorage to disk (session=true)
[2026-07-26 17:48:56.652] [debug] [storage] flushing DOMStorage to disk (session=true)
[2026-07-26 17:49:26.981] [debug] [storage] flushing DOMStorage to disk (session=true)
[2026-07-26 17:49:46.641] [debug] [storage] flushing DOMStorage to disk (session=true)
[2026-07-26 17:49:51.645] [debug] [storage] flushing DOMStorage to disk (session=true)
[2026-07-26 17:49:57.031] [debug] [storage] flushing DOMStorage to disk (session=true)
[2026-07-26 17:50:27.372] [debug] [storage] flushing DOMStorage to disk (session=true)
[2026-07-26 17:50:57.540] [debug] [storage] flushing DOMStorage to disk (session=true)
[2026-07-26 17:51:27.701] [debug] [storage] flushing DOMStorage to disk (session=true)
[2026-07-26 17:51:57.877] [debug] [storage] flushing DOMStorage to disk (session=true)
[2026-07-26 17:52:27.952] [debug] [storage] flushing DOMStorage to disk (session=true)
[2026-07-26 17:52:50.026] [debug] [NativeMessaging] Installing manifests...
[2026-07-26 17:52:50.078] [info]  [NativeMessaging] IPC server listening
[2026-07-26 17:53:00.344] [debug] [NativeMessaging] Installing manifests...
[2026-07-26 17:53:00.402] [info]  [NativeMessaging] IPC server listening
[2026-07-26 17:53:02.665] [debug] [storage] flushing DOMStorage to disk (session=true)
[2026-07-26 17:53:06.504] [debug] [storage] flushing DOMStorage to disk (session=true)
[2026-07-26 17:53:06.561] [debug] [storage] flushing DOMStorage to disk (session=true)
[2026-07-26 17:53:07.076] [debug] [storage] flushing DOMStorage to disk (session=true)
[2026-07-26 17:53:12.079] [debug] [storage] flushing DOMStorage to disk (session=true)
[2026-07-26 17:53:22.434] [debug] [storage] flushing DOMStorage to disk (session=true)
[2026-07-26 17:53:27.434] [debug] [storage] flushing DOMStorage to disk (session=true)
[2026-07-26 17:53:42.394] [debug] [storage] flushing DOMStorage to disk (session=true)
[2026-07-26 17:54:12.264] [debug] [storage] flushing DOMStorage to disk (session=true)
[2026-07-26 17:54:42.329] [debug] [storage] flushing DOMStorage to disk (session=true)
[2026-07-26 17:55:12.518] [debug] [storage] flushing DOMStorage to disk (session=true)
[2026-07-26 17:55:42.684] [debug] [storage] flushing DOMStorage to disk (session=true)
[2026-07-26 17:56:12.981] [debug] [storage] flushing DOMStorage to disk (session=true)
[2026-07-26 17:56:43.135] [debug] [storage] flushing DOMStorage to disk (session=true)
[2026-07-26 17:57:13.451] [debug] [storage] flushing DOMStorage to disk (session=true)
[2026-07-26 17:57:43.513] [debug] [storage] flushing DOMStorage to disk (session=true)
[2026-07-26 17:58:07.289] [debug] [storage] flushing DOMStorage to disk (session=true)
[2026-07-26 17:58:13.813] [debug] [storage] flushing DOMStorage to disk (session=true)
[2026-07-26 17:58:43.882] [debug] [storage] flushing DOMStorage to disk (session=true)
[2026-07-26 17:59:13.946] [debug] [storage] flushing DOMStorage to disk (session=true)
[2026-07-26 17:59:44.237] [debug] [storage] flushing DOMStorage to disk (session=true)
[2026-07-26 18:00:14.549] [debug] [storage] flushing DOMStorage to disk (session=true)
[2026-07-26 18:00:44.731] [debug] [storage] flushing DOMStorage to disk (session=true)
[2026-07-26 18:00:54.227] [debug] [NativeMessaging] Installing manifests...
[2026-07-26 18:00:54.279] [info]  [NativeMessaging] IPC server listening
[2026-07-26 18:01:00.667] [debug] [storage] flushing DOMStorage to disk (session=true)
[2026-07-26 18:01:05.657] [debug] [storage] flushing DOMStorage to disk (session=true)
[2026-07-26 18:01:15.077] [debug] [storage] flushing DOMStorage to disk (session=true)
[2026-07-26 18:01:45.252] [debug] [storage] flushing DOMStorage to disk (session=true)
[2026-07-26 18:02:15.404] [debug] [storage] flushing DOMStorage to disk (session=true)
[2026-07-26 18:02:45.470] [debug] [storage] flushing DOMStorage to disk (session=true)
[2026-07-26 18:03:07.301] [debug] [storage] flushing DOMStorage to disk (session=true)
[2026-07-26 18:03:15.832] [debug] [storage] flushing DOMStorage to disk (session=true)
[2026-07-26 18:03:45.906] [debug] [storage] flushing DOMStorage to disk (session=true)
[2026-07-26 18:04:16.062] [debug] [storage] flushing DOMStorage to disk (session=true)
[2026-07-26 18:04:19.431] [debug] [NativeMessaging] Installing manifests...
[2026-07-26 18:04:19.480] [info]  [NativeMessaging] IPC server listening
[2026-07-26 18:04:46.116] [debug] [storage] flushing DOMStorage to disk (session=true)
[2026-07-26 18:05:16.453] [debug] [storage] flushing DOMStorage to disk (session=true)
[2026-07-26 18:05:46.636] [debug] [storage] flushing DOMStorage to disk (session=true)
[2026-07-26 18:06:16.690] [debug] [storage] flushing DOMStorage to disk (session=true)
[2026-07-26 18:06:46.882] [debug] [storage] flushing DOMStorage to disk (session=true)
[2026-07-26 18:07:17.190] [debug] [storage] flushing DOMStorage to disk (session=true)
[2026-07-26 18:07:42.211] [debug] [storage] flushing DOMStorage to disk (session=true)
[2026-07-26 18:07:47.256] [debug] [storage] flushing DOMStorage to disk (session=true)
[2026-07-26 18:08:07.343] [debug] [storage] flushing DOMStorage to disk (session=true)
[2026-07-26 18:08:12.348] [debug] [storage] flushing DOMStorage to disk (session=true)
[2026-07-26 18:08:17.553] [debug] [storage] flushing DOMStorage to disk (session=true)
[2026-07-26 18:08:48.532] [debug] [storage] flushing DOMStorage to disk (session=true)
[2026-07-26 18:09:17.684] [debug] [storage] flushing DOMStorage to disk (session=true)
[2026-07-26 18:09:47.984] [debug] [storage] flushing DOMStorage to disk (session=true)
[2026-07-26 18:10:18.140] [debug] [storage] flushing DOMStorage to disk (session=true)
[2026-07-26 18:10:49.541] [debug] [storage] flushing DOMStorage to disk (session=true)
[2026-07-26 18:11:18.733] [debug] [storage] flushing DOMStorage to disk (session=true)
[2026-07-26 18:11:48.806] [debug] [storage] flushing DOMStorage to disk (session=true)
[2026-07-26 18:12:18.880] [debug] [storage] flushing DOMStorage to disk (session=true)
[2026-07-26 18:12:49.175] [debug] [storage] flushing DOMStorage to disk (session=true)
[2026-07-26 18:13:07.132] [debug] [storage] flushing DOMStorage to disk (session=true)
[2026-07-26 18:13:12.137] [debug] [storage] flushing DOMStorage to disk (session=true)
[2026-07-26 18:13:19.332] [debug] [storage] flushing DOMStorage to disk (session=true)
[2026-07-26 18:13:50.767] [debug] [storage] flushing DOMStorage to disk (session=true)
[2026-07-26 18:14:19.563] [debug] [storage] flushing DOMStorage to disk (session=true)
[2026-07-26 18:14:49.643] [debug] [storage] flushing DOMStorage to disk (session=true)
[2026-07-26 18:15:19.981] [debug] [storage] flushing DOMStorage to disk (session=true)
[2026-07-26 18:15:37.030] [debug] [NativeMessaging] Installing manifests...
[2026-07-26 18:15:37.081] [info]  [NativeMessaging] IPC server listening
[2026-07-26 18:15:45.640] [debug] [storage] flushing DOMStorage to disk (session=true)
[2026-07-26 18:15:54.146] [debug] [storage] flushing DOMStorage to disk (session=true)
[2026-07-26 18:15:56.537] [debug] [storage] flushing DOMStorage to disk (session=true)
[2026-07-26 18:16:01.553] [debug] [storage] flushing DOMStorage to disk (session=true)
[2026-07-26 18:16:21.651] [debug] [storage] flushing DOMStorage to disk (session=true)
[2026-07-26 18:16:28.534] [debug] [NativeMessaging] Installing manifests...
[2026-07-26 18:16:28.596] [info]  [NativeMessaging] IPC server listening
[2026-07-26 18:16:50.378] [debug] [storage] flushing DOMStorage to disk (session=true)
[2026-07-26 18:17:20.449] [debug] [storage] flushing DOMStorage to disk (session=true)
[2026-07-26 18:17:50.516] [debug] [storage] flushing DOMStorage to disk (session=true)
[2026-07-26 18:18:07.146] [debug] [storage] flushing DOMStorage to disk (session=true)
[2026-07-26 18:18:12.152] [debug] [storage] flushing DOMStorage to disk (session=true)
[2026-07-26 18:18:20.685] [debug] [storage] flushing DOMStorage to disk (session=true)
[2026-07-26 18:18:50.981] [debug] [storage] flushing DOMStorage to disk (session=true)
[2026-07-26 18:19:21.143] [debug] [storage] flushing DOMStorage to disk (session=true)
[2026-07-26 18:19:29.638] [debug] [storage] flushing DOMStorage to disk (session=true)
[2026-07-26 18:19:34.635] [debug] [storage] flushing DOMStorage to disk (session=true)
[2026-07-26 18:19:51.196] [debug] [storage] flushing DOMStorage to disk (session=true)
[2026-07-26 18:20:21.490] [debug] [storage] flushing DOMStorage to disk (session=true)
[2026-07-26 18:20:51.541] [debug] [storage] flushing DOMStorage to disk (session=true)
[2026-07-26 18:21:21.587] [debug] [storage] flushing DOMStorage to disk (session=true)
[2026-07-26 18:21:51.653] [debug] [storage] flushing DOMStorage to disk (session=true)
[2026-07-26 18:22:21.702] [debug] [storage] flushing DOMStorage to disk (session=true)
[2026-07-26 18:22:51.775] [debug] [storage] flushing DOMStorage to disk (session=true)
[2026-07-26 18:23:07.016] [debug] [storage] flushing DOMStorage to disk (session=true)
[2026-07-26 18:23:12.023] [debug] [storage] flushing DOMStorage to disk (session=true)
[2026-07-26 18:23:21.827] [debug] [storage] flushing DOMStorage to disk (session=true)
[2026-07-26 18:23:51.993] [debug] [storage] flushing DOMStorage to disk (session=true)
[2026-07-26 18:24:22.059] [debug] [storage] flushing DOMStorage to disk (session=true)
[2026-07-26 18:24:52.204] [debug] [storage] flushing DOMStorage to disk (session=true)
[2026-07-26 18:25:22.365] [debug] [storage] flushing DOMStorage to disk (session=true)
[2026-07-26 18:25:52.747] [debug] [storage] flushing DOMStorage to disk (session=true)
[2026-07-26 18:26:22.796] [debug] [storage] flushing DOMStorage to disk (session=true)
[2026-07-26 18:26:46.959] [debug] [storage] flushing DOMStorage to disk (session=true)
[2026-07-26 22:49:39.739] [debug] [NativeMessaging] Installing manifests...
[2026-07-26 22:49:39.907] [info]  [NativeMessaging] IPC server listening
[2026-07-26 22:49:40.293] [info]  Electron's autoUpdater does not support the 'linux' platform. Ref: https://www.electronjs.org/docs/latest/api/auto-updater#platform-notices
[2026-07-26 22:49:40.332] [debug] [storage] flushing DOMStorage to disk (session=true)
[2026-07-26 22:49:45.305] [debug] [storage] flushing DOMStorage to disk (session=true)
[2026-07-26 22:49:45.482] [debug] [storage] flushing DOMStorage to disk (session=true)
[2026-07-26 22:49:45.563] [debug] [storage] flushing DOMStorage to disk (session=true)
[2026-07-26 22:49:50.491] [debug] [storage] flushing DOMStorage to disk (session=true)
[2026-07-26 22:49:53.248] [debug] [NativeMessaging] Installing manifests...
[2026-07-26 22:49:53.304] [info]  [NativeMessaging] IPC server listening
[2026-07-26 22:49:56.363] [debug] [storage] flushing DOMStorage to disk (session=true)
[2026-07-26 22:49:59.600] [debug] [storage] flushing DOMStorage to disk (session=true)
[2026-07-26 22:49:59.898] [debug] [storage] flushing DOMStorage to disk (session=true)
[2026-07-26 22:50:00.205] [debug] [storage] flushing DOMStorage to disk (session=true)
[2026-07-26 22:50:00.696] [debug] [storage] flushing DOMStorage to disk (session=true)
[2026-07-26 22:50:00.763] [debug] [storage] flushing DOMStorage to disk (session=true)
[2026-07-26 22:50:05.771] [debug] [storage] flushing DOMStorage to disk (session=true)
[2026-07-26 22:50:06.751] [debug] [storage] flushing DOMStorage to disk (session=true)
[2026-07-26 22:50:11.752] [debug] [storage] flushing DOMStorage to disk (session=true)
[2026-07-26 22:50:35.842] [debug] [storage] flushing DOMStorage to disk (session=true)
[2026-07-26 22:51:05.783] [debug] [storage] flushing DOMStorage to disk (session=true)
[2026-07-26 22:51:35.843] [debug] [storage] flushing DOMStorage to disk (session=true)
[2026-07-26 22:52:05.923] [debug] [storage] flushing DOMStorage to disk (session=true)
[2026-07-26 22:52:36.006] [debug] [storage] flushing DOMStorage to disk (session=true)
[2026-07-26 22:53:06.214] [debug] [storage] flushing DOMStorage to disk (session=true)
[2026-07-26 22:53:21.783] [debug] [storage] flushing DOMStorage to disk (session=true)
[2026-07-27 15:22:33.925] [debug] [NativeMessaging] Installing manifests...
[2026-07-27 15:22:34.083] [info]  [NativeMessaging] IPC server listening
[2026-07-27 15:22:34.424] [info]  Electron's autoUpdater does not support the 'linux' platform. Ref: https://www.electronjs.org/docs/latest/api/auto-updater#platform-notices
[2026-07-27 15:22:34.459] [debug] [storage] flushing DOMStorage to disk (session=true)
[2026-07-27 15:22:34.840] [debug] [storage] flushing DOMStorage to disk (session=true)
[2026-07-27 15:22:34.854] [debug] [storage] flushing DOMStorage to disk (session=true)
[2026-07-27 15:22:34.975] [debug] [storage] flushing DOMStorage to disk (session=true)
[2026-07-27 15:22:36.205] [debug] [storage] flushing DOMStorage to disk (session=true)
[2026-07-27 15:22:36.348] [debug] [storage] flushing DOMStorage to disk (session=true)
[2026-07-27 15:22:40.341] [debug] [storage] flushing DOMStorage to disk (session=true)
[2026-07-27 15:22:40.529] [debug] [storage] flushing DOMStorage to disk (session=true)
[2026-07-27 15:22:40.729] [debug] [storage] flushing DOMStorage to disk (session=true)
[2026-07-27 15:22:40.949] [debug] [storage] flushing DOMStorage to disk (session=true)
[2026-07-27 15:22:45.954] [debug] [storage] flushing DOMStorage to disk (session=true)
[2026-07-27 15:22:52.695] [debug] [storage] flushing DOMStorage to disk (session=true)
[2026-07-27 15:22:54.679] [debug] [storage] flushing DOMStorage to disk (session=true)
[2026-07-27 15:22:59.674] [debug] [storage] flushing DOMStorage to disk (session=true)
[2026-07-27 15:23:16.284] [debug] [storage] flushing DOMStorage to disk (session=true)
[2026-07-27 15:23:41.060] [debug] [storage] flushing DOMStorage to disk (session=true)
[2026-07-27 15:23:46.229] [debug] [storage] flushing DOMStorage to disk (session=true)
[2026-07-27 15:24:04.474] [debug] [storage] flushing DOMStorage to disk (session=true)
[2026-07-27 21:55:56.713] [debug] [NativeMessaging] Installing manifests...
[2026-07-27 21:55:56.844] [info]  [NativeMessaging] IPC server listening
[2026-07-27 21:55:57.214] [info]  Electron's autoUpdater does not support the 'linux' platform. Ref: https://www.electronjs.org/docs/latest/api/auto-updater#platform-notices
[2026-07-27 21:55:57.263] [debug] [storage] flushing DOMStorage to disk (session=true)
[2026-07-27 21:55:57.647] [debug] [storage] flushing DOMStorage to disk (session=true)
[2026-07-27 21:55:57.675] [debug] [storage] flushing DOMStorage to disk (session=true)
[2026-07-27 21:55:57.926] [debug] [storage] flushing DOMStorage to disk (session=true)
[2026-07-27 21:55:58.316] [debug] [storage] flushing DOMStorage to disk (session=true)
[2026-07-27 21:56:01.426] [debug] [storage] flushing DOMStorage to disk (session=true)
[2026-07-27 21:56:01.638] [debug] [storage] flushing DOMStorage to disk (session=true)
[2026-07-27 21:56:02.095] [debug] [storage] flushing DOMStorage to disk (session=true)
[2026-07-27 21:56:02.180] [debug] [storage] flushing DOMStorage to disk (session=true)
[2026-07-27 21:56:07.190] [debug] [storage] flushing DOMStorage to disk (session=true)
[2026-07-27 21:56:07.855] [debug] [storage] flushing DOMStorage to disk (session=true)
[2026-07-27 21:56:12.857] [debug] [storage] flushing DOMStorage to disk (session=true)
[2026-07-27 21:56:37.393] [debug] [storage] flushing DOMStorage to disk (session=true)
[2026-07-27 21:57:07.187] [debug] [storage] flushing DOMStorage to disk (session=true)
[2026-07-27 21:57:37.413] [debug] [storage] flushing DOMStorage to disk (session=true)
[2026-07-27 21:58:07.465] [debug] [storage] flushing DOMStorage to disk (session=true)
[2026-07-27 21:58:37.537] [debug] [storage] flushing DOMStorage to disk (session=true)
[2026-07-27 21:59:07.604] [debug] [storage] flushing DOMStorage to disk (session=true)
[2026-07-27 21:59:37.780] [debug] [storage] flushing DOMStorage to disk (session=true)
[2026-07-27 22:00:07.849] [debug] [storage] flushing DOMStorage to disk (session=true)
[2026-07-27 22:00:37.920] [debug] [storage] flushing DOMStorage to disk (session=true)
[2026-07-27 22:01:02.110] [debug] [storage] flushing DOMStorage to disk (session=true)
[2026-07-27 22:01:07.968] [debug] [storage] flushing DOMStorage to disk (session=true)
[2026-07-27 22:01:38.145] [debug] [storage] flushing DOMStorage to disk (session=true)
[2026-07-27 22:02:08.198] [debug] [storage] flushing DOMStorage to disk (session=true)
[2026-07-27 22:02:38.273] [debug] [storage] flushing DOMStorage to disk (session=true)
[2026-07-27 22:03:08.469] [debug] [storage] flushing DOMStorage to disk (session=true)
[2026-07-27 22:03:38.519] [debug] [storage] flushing DOMStorage to disk (session=true)
[2026-07-27 22:04:08.717] [debug] [storage] flushing DOMStorage to disk (session=true)
[2026-07-27 22:04:38.768] [debug] [storage] flushing DOMStorage to disk (session=true)
[2026-07-27 22:05:08.819] [debug] [storage] flushing DOMStorage to disk (session=true)
[2026-07-27 22:05:38.896] [debug] [storage] flushing DOMStorage to disk (session=true)
[2026-07-27 22:06:02.236] [debug] [storage] flushing DOMStorage to disk (session=true)
[2026-07-27 22:06:09.053] [debug] [storage] flushing DOMStorage to disk (session=true)
[2026-07-27 22:06:39.414] [debug] [storage] flushing DOMStorage to disk (session=true)
[2026-07-27 22:07:09.569] [debug] [storage] flushing DOMStorage to disk (session=true)
[2026-07-27 22:07:39.625] [debug] [storage] flushing DOMStorage to disk (session=true)
[2026-07-27 22:08:09.694] [debug] [storage] flushing DOMStorage to disk (session=true)
[2026-07-27 22:08:39.869] [debug] [storage] flushing DOMStorage to disk (session=true)
[2026-07-27 22:09:10.159] [debug] [storage] flushing DOMStorage to disk (session=true)
[2026-07-27 22:09:28.470] [debug] [storage] flushing DOMStorage to disk (session=true)
[2026-07-28 23:12:14.996] [debug] [NativeMessaging] Installing manifests...
[2026-07-28 23:12:15.121] [info]  [NativeMessaging] IPC server listening
[2026-07-28 23:12:15.464] [info]  Electron's autoUpdater does not support the 'linux' platform. Ref: https://www.electronjs.org/docs/latest/api/auto-updater#platform-notices
[2026-07-28 23:12:15.507] [debug] [storage] flushing DOMStorage to disk (session=true)
[2026-07-28 23:12:15.888] [debug] [storage] flushing DOMStorage to disk (session=true)
[2026-07-28 23:12:15.916] [debug] [storage] flushing DOMStorage to disk (session=true)
[2026-07-28 23:12:16.710] [debug] [storage] flushing DOMStorage to disk (session=true)
[2026-07-28 23:12:18.072] [debug] [storage] flushing DOMStorage to disk (session=true)
[2026-07-28 23:12:18.604] [debug] [storage] flushing DOMStorage to disk (session=true)
[2026-07-28 23:12:22.402] [debug] [storage] flushing DOMStorage to disk (session=true)
[2026-07-28 23:12:22.586] [debug] [storage] flushing DOMStorage to disk (session=true)
[2026-07-28 23:12:23.087] [debug] [storage] flushing DOMStorage to disk (session=true)
[2026-07-28 23:12:23.171] [debug] [storage] flushing DOMStorage to disk (session=true)
[2026-07-28 23:12:26.835] [debug] [storage] flushing DOMStorage to disk (session=true)
[2026-07-28 23:12:31.839] [debug] [storage] flushing DOMStorage to disk (session=true)
[2026-07-28 23:12:58.236] [debug] [storage] flushing DOMStorage to disk (session=true)
[2026-07-28 23:13:23.090] [debug] [storage] flushing DOMStorage to disk (session=true)
[2026-07-28 23:13:28.255] [debug] [storage] flushing DOMStorage to disk (session=true)
[2026-07-28 23:13:58.325] [debug] [storage] flushing DOMStorage to disk (session=true)
[2026-07-28 23:14:28.390] [debug] [storage] flushing DOMStorage to disk (session=true)
[2026-07-28 23:14:58.441] [debug] [storage] flushing DOMStorage to disk (session=true)
[2026-07-28 23:15:28.493] [debug] [storage] flushing DOMStorage to disk (session=true)
[2026-07-28 23:15:58.540] [debug] [storage] flushing DOMStorage to disk (session=true)
[2026-07-28 23:16:33.619] [debug] [storage] flushing DOMStorage to disk (session=true)
[2026-07-28 23:17:03.712] [debug] [storage] flushing DOMStorage to disk (session=true)
[2026-07-28 23:17:23.097] [debug] [storage] flushing DOMStorage to disk (session=true)
[2026-07-28 23:17:28.102] [debug] [storage] flushing DOMStorage to disk (session=true)
[2026-07-28 23:17:33.783] [debug] [storage] flushing DOMStorage to disk (session=true)
[2026-07-28 23:18:03.948] [debug] [storage] flushing DOMStorage to disk (session=true)
[2026-07-28 23:18:34.012] [debug] [storage] flushing DOMStorage to disk (session=true)
[2026-07-28 23:19:04.347] [debug] [storage] flushing DOMStorage to disk (session=true)
[2026-07-28 23:19:34.401] [debug] [storage] flushing DOMStorage to disk (session=true)
[2026-07-28 23:20:04.713] [debug] [storage] flushing DOMStorage to disk (session=true)
[2026-07-28 23:20:34.908] [debug] [storage] flushing DOMStorage to disk (session=true)
[2026-07-28 23:21:05.075] [debug] [storage] flushing DOMStorage to disk (session=true)
[2026-07-28 23:21:35.288] [debug] [storage] flushing DOMStorage to disk (session=true)
[2026-07-28 23:22:05.443] [debug] [storage] flushing DOMStorage to disk (session=true)
[2026-07-28 23:22:23.107] [debug] [storage] flushing DOMStorage to disk (session=true)
[2026-07-28 23:22:28.111] [debug] [storage] flushing DOMStorage to disk (session=true)
[2026-07-28 23:22:35.508] [debug] [storage] flushing DOMStorage to disk (session=true)
[2026-07-28 23:23:05.577] [debug] [storage] flushing DOMStorage to disk (session=true)
[2026-07-28 23:23:35.649] [debug] [storage] flushing DOMStorage to disk (session=true)
[2026-07-28 23:24:05.958] [debug] [storage] flushing DOMStorage to disk (session=true)
[2026-07-28 23:24:36.111] [debug] [storage] flushing DOMStorage to disk (session=true)
[2026-07-28 23:25:06.190] [debug] [storage] flushing DOMStorage to disk (session=true)
[2026-07-28 23:25:36.481] [debug] [storage] flushing DOMStorage to disk (session=true)
[2026-07-28 23:26:06.627] [debug] [storage] flushing DOMStorage to disk (session=true)
[2026-07-28 23:26:36.788] [debug] [storage] flushing DOMStorage to disk (session=true)
[2026-07-28 23:27:06.861] [debug] [storage] flushing DOMStorage to disk (session=true)
[2026-07-28 23:27:23.229] [debug] [storage] flushing DOMStorage to disk (session=true)
[2026-07-28 23:27:28.237] [debug] [storage] flushing DOMStorage to disk (session=true)
[2026-07-28 23:27:37.022] [debug] [storage] flushing DOMStorage to disk (session=true)
[2026-07-28 23:28:07.181] [debug] [storage] flushing DOMStorage to disk (session=true)
[2026-07-28 23:28:37.351] [debug] [storage] flushing DOMStorage to disk (session=true)
[2026-07-28 23:28:46.342] [debug] [storage] flushing DOMStorage to disk (session=true)
[2026-07-29 20:45:28.890] [debug] [NativeMessaging] Installing manifests...
[2026-07-29 20:45:29.021] [info]  [NativeMessaging] IPC server listening
[2026-07-29 20:45:29.399] [info]  Electron's autoUpdater does not support the 'linux' platform. Ref: https://www.electronjs.org/docs/latest/api/auto-updater#platform-notices
[2026-07-29 20:45:29.440] [debug] [storage] flushing DOMStorage to disk (session=true)
[2026-07-29 20:45:29.816] [debug] [storage] flushing DOMStorage to disk (session=true)
[2026-07-29 20:45:29.849] [debug] [storage] flushing DOMStorage to disk (session=true)
[2026-07-29 20:45:29.882] [debug] [storage] flushing DOMStorage to disk (session=true)
[2026-07-29 20:45:30.065] [debug] [storage] flushing DOMStorage to disk (session=true)
[2026-07-29 20:45:34.724] [debug] [storage] flushing DOMStorage to disk (session=true)
[2026-07-29 20:45:34.956] [debug] [storage] flushing DOMStorage to disk (session=true)
[2026-07-29 20:45:35.323] [debug] [storage] flushing DOMStorage to disk (session=true)
[2026-07-29 20:45:35.428] [debug] [storage] flushing DOMStorage to disk (session=true)
[2026-07-29 20:45:42.449] [debug] [storage] flushing DOMStorage to disk (session=true)
[2026-07-29 20:46:10.828] [debug] [storage] flushing DOMStorage to disk (session=true)
[2026-07-29 20:46:36.244] [debug] [storage] flushing DOMStorage to disk (session=true)
[2026-07-29 20:46:41.262] [debug] [storage] flushing DOMStorage to disk (session=true)
[2026-07-29 20:47:10.998] [debug] [storage] flushing DOMStorage to disk (session=true)
[2026-07-29 20:47:41.094] [debug] [storage] flushing DOMStorage to disk (session=true)
[2026-07-29 20:48:11.297] [debug] [storage] flushing DOMStorage to disk (session=true)
[2026-07-29 20:48:41.688] [debug] [storage] flushing DOMStorage to disk (session=true)
[2026-07-29 20:49:11.747] [debug] [storage] flushing DOMStorage to disk (session=true)
[2026-07-29 20:49:41.838] [debug] [storage] flushing DOMStorage to disk (session=true)
[2026-07-29 20:50:12.010] [debug] [storage] flushing DOMStorage to disk (session=true)
[2026-07-29 20:50:35.722] [debug] [storage] flushing DOMStorage to disk (session=true)
[2026-07-29 20:50:42.344] [debug] [storage] flushing DOMStorage to disk (session=true)
[2026-07-29 20:51:12.418] [debug] [storage] flushing DOMStorage to disk (session=true)
[2026-07-29 20:51:18.580] [debug] [storage] flushing DOMStorage to disk (session=true)
[2026-07-29 21:35:13.978] [debug] [NativeMessaging] Installing manifests...
[2026-07-29 21:35:14.027] [info]  [NativeMessaging] IPC server listening
[2026-07-29 21:35:17.450] [debug] [storage] flushing DOMStorage to disk (session=true)
[2026-07-29 21:35:17.514] [debug] [storage] flushing DOMStorage to disk (session=true)
[2026-07-29 21:35:18.015] [debug] [storage] flushing DOMStorage to disk (session=true)
[2026-07-29 21:35:18.038] [debug] [storage] flushing DOMStorage to disk (session=true)
[2026-07-29 21:35:23.055] [debug] [storage] flushing DOMStorage to disk (session=true)
[2026-07-29 21:35:27.975] [debug] [storage] flushing DOMStorage to disk (session=true)
[2026-07-29 21:35:32.967] [debug] [storage] flushing DOMStorage to disk (session=true)
[2026-07-29 21:35:53.231] [debug] [storage] flushing DOMStorage to disk (session=true)
[2026-07-29 21:36:22.948] [debug] [storage] flushing DOMStorage to disk (session=true)
[2026-07-29 21:36:53.157] [debug] [storage] flushing DOMStorage to disk (session=true)
[2026-07-29 21:37:23.241] [debug] [storage] flushing DOMStorage to disk (session=true)
[2026-07-29 21:37:53.449] [debug] [storage] flushing DOMStorage to disk (session=true)
[2026-07-29 21:38:23.809] [debug] [storage] flushing DOMStorage to disk (session=true)
[2026-07-29 21:38:53.900] [debug] [storage] flushing DOMStorage to disk (session=true)
[2026-07-29 21:39:23.966] [debug] [storage] flushing DOMStorage to disk (session=true)
[2026-07-29 21:39:54.135] [debug] [storage] flushing DOMStorage to disk (session=true)
[2026-07-29 21:40:18.118] [debug] [storage] flushing DOMStorage to disk (session=true)
[2026-07-29 21:40:24.306] [debug] [storage] flushing DOMStorage to disk (session=true)
[2026-07-29 21:40:54.464] [debug] [storage] flushing DOMStorage to disk (session=true)
[2026-07-29 21:41:24.519] [debug] [storage] flushing DOMStorage to disk (session=true)
[2026-07-29 21:41:54.584] [debug] [storage] flushing DOMStorage to disk (session=true)
[2026-07-29 21:42:24.661] [debug] [storage] flushing DOMStorage to disk (session=true)
[2026-07-29 21:42:54.732] [debug] [storage] flushing DOMStorage to disk (session=true)
[2026-07-29 21:43:24.894] [debug] [storage] flushing DOMStorage to disk (session=true)
[2026-07-29 21:43:55.050] [debug] [storage] flushing DOMStorage to disk (session=true)
[2026-07-29 21:44:25.226] [debug] [storage] flushing DOMStorage to disk (session=true)
[2026-07-29 21:44:55.379] [debug] [storage] flushing DOMStorage to disk (session=true)
[2026-07-29 21:45:18.116] [debug] [storage] flushing DOMStorage to disk (session=true)
[2026-07-29 21:45:25.584] [debug] [storage] flushing DOMStorage to disk (session=true)
[2026-07-29 21:45:55.885] [debug] [storage] flushing DOMStorage to disk (session=true)
[2026-07-29 21:46:26.045] [debug] [storage] flushing DOMStorage to disk (session=true)
[2026-07-29 21:46:56.198] [debug] [storage] flushing DOMStorage to disk (session=true)
[2026-07-29 21:47:26.266] [debug] [storage] flushing DOMStorage to disk (session=true)
[2026-07-29 21:47:56.632] [debug] [storage] flushing DOMStorage to disk (session=true)
[2026-07-29 21:48:32.382] [debug] [storage] flushing DOMStorage to disk (session=true)
[2026-07-29 21:49:02.450] [debug] [storage] flushing DOMStorage to disk (session=true)
[2026-07-29 21:49:32.608] [debug] [storage] flushing DOMStorage to disk (session=true)
[2026-07-29 21:49:57.714] [debug] [storage] flushing DOMStorage to disk (session=true)
[2026-07-29 21:50:02.738] [debug] [storage] flushing DOMStorage to disk (session=true)
[2026-07-29 21:50:18.325] [debug] [storage] flushing DOMStorage to disk (session=true)
[2026-07-29 21:50:23.334] [debug] [storage] flushing DOMStorage to disk (session=true)
[2026-07-29 21:50:32.982] [debug] [storage] flushing DOMStorage to disk (session=true)
[2026-07-29 21:51:03.140] [debug] [storage] flushing DOMStorage to disk (session=true)
[2026-07-29 21:51:33.200] [debug] [storage] flushing DOMStorage to disk (session=true)
[2026-07-29 21:52:03.309] [debug] [storage] flushing DOMStorage to disk (session=true)
[2026-07-29 21:52:33.526] [debug] [storage] flushing DOMStorage to disk (session=true)
[2026-07-29 21:53:03.841] [debug] [storage] flushing DOMStorage to disk (session=true)
[2026-07-29 21:53:34.162] [debug] [storage] flushing DOMStorage to disk (session=true)
[2026-07-29 21:54:04.333] [debug] [storage] flushing DOMStorage to disk (session=true)
[2026-07-29 21:54:24.580] [debug] [storage] flushing DOMStorage to disk (session=true)
[2026-07-29 22:02:43.861] [debug] [NativeMessaging] Installing manifests...
[2026-07-29 22:02:43.911] [info]  [NativeMessaging] IPC server listening
[2026-07-29 22:02:47.378] [debug] [storage] flushing DOMStorage to disk (session=true)
[2026-07-29 22:02:47.425] [debug] [storage] flushing DOMStorage to disk (session=true)
[2026-07-29 22:02:47.933] [debug] [storage] flushing DOMStorage to disk (session=true)
[2026-07-29 22:02:52.938] [debug] [storage] flushing DOMStorage to disk (session=true)
[2026-07-29 22:03:22.981] [debug] [storage] flushing DOMStorage to disk (session=true)
[2026-07-29 22:03:53.005] [debug] [storage] flushing DOMStorage to disk (session=true)
[2026-07-29 22:04:23.174] [debug] [storage] flushing DOMStorage to disk (session=true)
[2026-07-29 22:04:53.226] [debug] [storage] flushing DOMStorage to disk (session=true)
[2026-07-29 22:05:23.545] [debug] [storage] flushing DOMStorage to disk (session=true)
[2026-07-29 22:05:53.595] [debug] [storage] flushing DOMStorage to disk (session=true)
[2026-07-29 22:06:23.647] [debug] [storage] flushing DOMStorage to disk (session=true)
[2026-07-29 22:06:53.696] [debug] [storage] flushing DOMStorage to disk (session=true)
[2026-07-29 22:07:23.769] [debug] [storage] flushing DOMStorage to disk (session=true)
[2026-07-29 22:07:47.873] [debug] [storage] flushing DOMStorage to disk (session=true)
[2026-07-29 22:07:53.825] [debug] [storage] flushing DOMStorage to disk (session=true)
[2026-07-29 22:08:23.882] [debug] [storage] flushing DOMStorage to disk (session=true)
[2026-07-29 22:08:54.002] [debug] [storage] flushing DOMStorage to disk (session=true)
[2026-07-29 22:09:24.196] [debug] [storage] flushing DOMStorage to disk (session=true)
[2026-07-29 22:09:54.534] [debug] [storage] flushing DOMStorage to disk (session=true)
[2026-07-29 22:10:24.906] [debug] [storage] flushing DOMStorage to disk (session=true)
[2026-07-29 22:10:55.089] [debug] [storage] flushing DOMStorage to disk (session=true)
[2026-07-29 22:11:25.403] [debug] [storage] flushing DOMStorage to disk (session=true)
[2026-07-29 22:11:55.480] [debug] [storage] flushing DOMStorage to disk (session=true)
[2026-07-29 22:12:25.531] [debug] [storage] flushing DOMStorage to disk (session=true)
[2026-07-29 22:12:47.864] [debug] [storage] flushing DOMStorage to disk (session=true)
[2026-07-29 22:12:55.601] [debug] [storage] flushing DOMStorage to disk (session=true)
[2026-07-29 22:13:25.778] [debug] [storage] flushing DOMStorage to disk (session=true)
[2026-07-29 22:13:56.090] [debug] [storage] flushing DOMStorage to disk (session=true)
[2026-07-29 22:14:26.148] [debug] [storage] flushing DOMStorage to disk (session=true)
[2026-07-29 22:14:57.580] [debug] [storage] flushing DOMStorage to disk (session=true)
[2026-07-29 22:17:06.257] [debug] [NativeMessaging] Installing manifests...
[2026-07-29 22:17:06.306] [info]  [NativeMessaging] IPC server listening
[2026-07-29 22:17:09.419] [debug] [storage] flushing DOMStorage to disk (session=true)
[2026-07-29 22:17:09.461] [debug] [storage] flushing DOMStorage to disk (session=true)
[2026-07-29 22:17:09.841] [debug] [storage] flushing DOMStorage to disk (session=true)
[2026-07-29 22:17:13.443] [debug] [storage] flushing DOMStorage to disk (session=true)
[2026-07-29 22:17:18.445] [debug] [storage] flushing DOMStorage to disk (session=true)
[2026-07-29 22:17:44.946] [debug] [storage] flushing DOMStorage to disk (session=true)
[2026-07-29 22:18:14.879] [debug] [storage] flushing DOMStorage to disk (session=true)
[2026-07-29 22:18:45.058] [debug] [storage] flushing DOMStorage to disk (session=true)
[2026-07-29 22:19:15.373] [debug] [storage] flushing DOMStorage to disk (session=true)
[2026-07-29 22:19:45.524] [debug] [storage] flushing DOMStorage to disk (session=true)
[2026-07-29 22:20:15.822] [debug] [storage] flushing DOMStorage to disk (session=true)
[2026-07-29 22:20:46.006] [debug] [storage] flushing DOMStorage to disk (session=true)
[2026-07-29 22:21:16.052] [debug] [storage] flushing DOMStorage to disk (session=true)
[2026-07-29 22:21:46.204] [debug] [storage] flushing DOMStorage to disk (session=true)
[2026-07-29 22:22:10.168] [debug] [storage] flushing DOMStorage to disk (session=true)
[2026-07-29 22:22:16.513] [debug] [storage] flushing DOMStorage to disk (session=true)
[2026-07-29 22:22:46.582] [debug] [storage] flushing DOMStorage to disk (session=true)
[2026-07-29 22:23:16.632] [debug] [storage] flushing DOMStorage to disk (session=true)
[2026-07-29 22:23:46.792] [debug] [storage] flushing DOMStorage to disk (session=true)
[2026-07-29 22:24:16.965] [debug] [storage] flushing DOMStorage to disk (session=true)
[2026-07-29 22:24:47.339] [debug] [storage] flushing DOMStorage to disk (session=true)
[2026-07-29 22:25:17.408] [debug] [storage] flushing DOMStorage to disk (session=true)
[2026-07-29 22:25:47.742] [debug] [storage] flushing DOMStorage to disk (session=true)
[2026-07-29 22:26:17.904] [debug] [storage] flushing DOMStorage to disk (session=true)
[2026-07-29 22:26:48.078] [debug] [storage] flushing DOMStorage to disk (session=true)
[2026-07-29 22:27:10.189] [debug] [storage] flushing DOMStorage to disk (session=true)
[2026-07-29 22:27:18.380] [debug] [storage] flushing DOMStorage to disk (session=true)
[2026-07-29 22:27:48.546] [debug] [storage] flushing DOMStorage to disk (session=true)
[2026-07-29 22:28:18.597] [debug] [storage] flushing DOMStorage to disk (session=true)
[2026-07-29 22:28:48.886] [debug] [storage] flushing DOMStorage to disk (session=true)
[2026-07-29 22:29:18.951] [debug] [storage] flushing DOMStorage to disk (session=true)
[2026-07-29 22:29:49.167] [debug] [storage] flushing DOMStorage to disk (session=true)
[2026-07-29 22:30:19.224] [debug] [storage] flushing DOMStorage to disk (session=true)
[2026-07-29 22:30:49.386] [debug] [storage] flushing DOMStorage to disk (session=true)
[2026-07-29 22:31:19.723] [debug] [storage] flushing DOMStorage to disk (session=true)
[2026-07-29 22:31:49.880] [debug] [storage] flushing DOMStorage to disk (session=true)
[2026-07-29 22:32:09.890] [debug] [storage] flushing DOMStorage to disk (session=true)
[2026-07-29 22:32:14.895] [debug] [storage] flushing DOMStorage to disk (session=true)
[2026-07-29 22:32:19.956] [debug] [storage] flushing DOMStorage to disk (session=true)
[2026-07-29 22:32:50.134] [debug] [storage] flushing DOMStorage to disk (session=true)
[2026-07-29 22:33:20.476] [debug] [storage] flushing DOMStorage to disk (session=true)
[2026-07-29 22:33:45.970] [debug] [storage] flushing DOMStorage to disk (session=true)
[2026-07-29 22:33:50.983] [debug] [storage] flushing DOMStorage to disk (session=true)
[2026-07-29 22:34:21.161] [debug] [storage] flushing DOMStorage to disk (session=true)
[2026-07-29 22:34:51.352] [debug] [storage] flushing DOMStorage to disk (session=true)
[2026-07-29 22:35:21.663] [debug] [storage] flushing DOMStorage to disk (session=true)
[2026-07-29 22:35:51.972] [debug] [storage] flushing DOMStorage to disk (session=true)
[2026-07-29 22:36:22.042] [debug] [storage] flushing DOMStorage to disk (session=true)
[2026-07-29 22:36:52.113] [debug] [storage] flushing DOMStorage to disk (session=true)
[2026-07-29 22:37:10.225] [debug] [storage] flushing DOMStorage to disk (session=true)
[2026-07-29 22:37:15.229] [debug] [storage] flushing DOMStorage to disk (session=true)
[2026-07-29 22:37:22.412] [debug] [storage] flushing DOMStorage to disk (session=true)
[2026-07-29 22:37:27.307] [debug] [NativeMessaging] Installing manifests...
[2026-07-29 22:37:27.359] [info]  [NativeMessaging] IPC server listening
[2026-07-29 22:37:47.120] [debug] [storage] flushing DOMStorage to disk (session=true)
[2026-07-29 22:37:52.446] [debug] [storage] flushing DOMStorage to disk (session=true)
[2026-07-29 22:37:53.384] [debug] [storage] flushing DOMStorage to disk (session=true)
[2026-07-29 22:38:02.814] [debug] [storage] flushing DOMStorage to disk (session=true)
[2026-07-29 22:38:03.250] [debug] [storage] flushing DOMStorage to disk (session=true)
[2026-07-29 22:38:07.599] [debug] [storage] flushing DOMStorage to disk (session=true)
[2026-07-29 22:38:15.407] [debug] [storage] flushing DOMStorage to disk (session=true)
[2026-07-29 22:38:23.931] [debug] [storage] flushing DOMStorage to disk (session=true)
[2026-07-29 22:38:53.263] [debug] [storage] flushing DOMStorage to disk (session=true)
[2026-07-29 22:39:23.429] [debug] [storage] flushing DOMStorage to disk (session=true)
[2026-07-29 22:39:48.383] [debug] [storage] flushing DOMStorage to disk (session=true)
[2026-07-29 22:39:53.596] [debug] [storage] flushing DOMStorage to disk (session=true)
[2026-07-29 22:40:25.035] [debug] [storage] flushing DOMStorage to disk (session=true)
[2026-07-29 22:40:53.981] [debug] [storage] flushing DOMStorage to disk (session=true)
[2026-07-29 22:41:24.032] [debug] [storage] flushing DOMStorage to disk (session=true)
[2026-07-29 22:41:54.206] [debug] [storage] flushing DOMStorage to disk (session=true)
[2026-07-29 22:42:09.994] [debug] [storage] flushing DOMStorage to disk (session=true)
[2026-07-29 22:42:14.999] [debug] [storage] flushing DOMStorage to disk (session=true)
[2026-07-29 22:42:24.368] [debug] [storage] flushing DOMStorage to disk (session=true)
[2026-07-29 22:42:54.719] [debug] [storage] flushing DOMStorage to disk (session=true)
[2026-07-29 22:43:24.773] [debug] [storage] flushing DOMStorage to disk (session=true)
[2026-07-29 22:43:54.825] [debug] [storage] flushing DOMStorage to disk (session=true)
[2026-07-29 22:44:25.138] [debug] [storage] flushing DOMStorage to disk (session=true)
[2026-07-29 22:44:55.286] [debug] [storage] flushing DOMStorage to disk (session=true)
[2026-07-29 22:45:25.487] [debug] [storage] flushing DOMStorage to disk (session=true)
[2026-07-29 22:45:55.972] [debug] [storage] flushing DOMStorage to disk (session=true)
[2026-07-29 22:46:27.088] [debug] [storage] flushing DOMStorage to disk (session=true)
[2026-07-29 22:46:32.111] [debug] [storage] flushing DOMStorage to disk (session=true)
[2026-07-29 22:46:57.654] [debug] [storage] flushing DOMStorage to disk (session=true)
[2026-07-29 22:47:10.153] [debug] [storage] flushing DOMStorage to disk (session=true)
[2026-07-29 22:47:15.157] [debug] [storage] flushing DOMStorage to disk (session=true)
[2026-07-29 22:47:26.582] [debug] [storage] flushing DOMStorage to disk (session=true)
[2026-07-29 22:47:56.944] [debug] [storage] flushing DOMStorage to disk (session=true)
[2026-07-29 22:48:27.296] [debug] [storage] flushing DOMStorage to disk (session=true)
[2026-07-29 22:48:57.454] [debug] [storage] flushing DOMStorage to disk (session=true)
[2026-07-29 22:49:27.530] [debug] [storage] flushing DOMStorage to disk (session=true)
[2026-07-29 22:49:57.610] [debug] [storage] flushing DOMStorage to disk (session=true)
[2026-07-29 22:50:27.948] [debug] [storage] flushing DOMStorage to disk (session=true)
[2026-07-29 22:50:58.131] [debug] [storage] flushing DOMStorage to disk (session=true)
[2026-07-29 22:51:28.183] [debug] [storage] flushing DOMStorage to disk (session=true)
[2026-07-29 22:51:58.359] [debug] [storage] flushing DOMStorage to disk (session=true)
[2026-07-29 22:52:10.159] [debug] [storage] flushing DOMStorage to disk (session=true)
[2026-07-29 22:52:15.163] [debug] [storage] flushing DOMStorage to disk (session=true)
[2026-07-29 22:52:28.664] [debug] [storage] flushing DOMStorage to disk (session=true)
[2026-07-29 22:52:58.824] [debug] [storage] flushing DOMStorage to disk (session=true)
[2026-07-29 22:53:28.898] [debug] [storage] flushing DOMStorage to disk (session=true)
[2026-07-29 22:53:59.228] [debug] [storage] flushing DOMStorage to disk (session=true)
[2026-07-29 22:54:30.531] [debug] [storage] flushing DOMStorage to disk (session=true)
[2026-07-29 22:55:00.612] [debug] [storage] flushing DOMStorage to disk (session=true)
[2026-07-29 22:56:00.181] [debug] [storage] flushing DOMStorage to disk (session=true)
[2026-07-29 22:56:21.029] [debug] [storage] flushing DOMStorage to disk (session=true)
[2026-07-29 22:56:26.032] [debug] [storage] flushing DOMStorage to disk (session=true)
[2026-07-29 22:59:27.529] [debug] [storage] flushing DOMStorage to disk (session=true)
[2026-07-29 22:59:32.534] [debug] [storage] flushing DOMStorage to disk (session=true)
[2026-07-31 13:20:39.662] [debug] [NativeMessaging] Installing manifests...
[2026-07-31 13:20:39.834] [info]  [NativeMessaging] IPC server listening
[2026-07-31 13:20:40.225] [info]  Electron's autoUpdater does not support the 'linux' platform. Ref: https://www.electronjs.org/docs/latest/api/auto-updater#platform-notices
[2026-07-31 13:20:40.267] [debug] [storage] flushing DOMStorage to disk (session=true)
[2026-07-31 13:20:40.661] [debug] [storage] flushing DOMStorage to disk (session=true)
[2026-07-31 13:20:40.692] [debug] [storage] flushing DOMStorage to disk (session=true)
[2026-07-31 13:20:40.808] [debug] [storage] flushing DOMStorage to disk (session=true)
[2026-07-31 13:20:42.122] [debug] [storage] flushing DOMStorage to disk (session=true)
[2026-07-31 13:20:42.283] [debug] [storage] flushing DOMStorage to disk (session=true)
[2026-07-31 13:20:47.292] [debug] [storage] flushing DOMStorage to disk (session=true)
[2026-07-31 13:21:15.628] [debug] [storage] flushing DOMStorage to disk (session=true)
[2026-08-01 13:38:51.067] [debug] [NativeMessaging] Installing manifests...
[2026-08-01 13:38:51.221] [info]  [NativeMessaging] IPC server listening
[2026-08-01 13:38:51.589] [info]  Electron's autoUpdater does not support the 'linux' platform. Ref: https://www.electronjs.org/docs/latest/api/auto-updater#platform-notices
[2026-08-01 13:38:51.622] [debug] [storage] flushing DOMStorage to disk (session=true)
[2026-08-01 13:38:52.010] [debug] [storage] flushing DOMStorage to disk (session=true)
[2026-08-01 13:38:52.037] [debug] [storage] flushing DOMStorage to disk (session=true)
[2026-08-01 13:38:52.112] [debug] [storage] flushing DOMStorage to disk (session=true)
[2026-08-01 13:38:53.633] [debug] [storage] flushing DOMStorage to disk (session=true)
[2026-08-01 13:38:53.798] [debug] [storage] flushing DOMStorage to disk (session=true)
[2026-08-01 13:38:56.999] [debug] [storage] flushing DOMStorage to disk (session=true)
[2026-08-01 13:38:57.184] [debug] [storage] flushing DOMStorage to disk (session=true)
[2026-08-01 13:38:57.418] [debug] [storage] flushing DOMStorage to disk (session=true)
[2026-08-01 13:38:57.614] [debug] [storage] flushing DOMStorage to disk (session=true)
[2026-08-01 13:39:04.226] [debug] [storage] flushing DOMStorage to disk (session=true)
[2026-08-01 13:39:09.223] [debug] [storage] flushing DOMStorage to disk (session=true)
[2026-08-01 13:39:32.757] [debug] [storage] flushing DOMStorage to disk (session=true)
[2026-08-01 13:39:43.719] [debug] [NativeMessaging] Installing manifests...
[2026-08-01 13:39:43.755] [info]  [NativeMessaging] IPC server listening
[2026-08-01 13:39:57.076] [debug] [storage] flushing DOMStorage to disk (session=true)
[2026-08-01 13:40:02.835] [debug] [storage] flushing DOMStorage to disk (session=true)
[2026-08-01 13:40:03.405] [debug] [storage] flushing DOMStorage to disk (session=true)
[2026-08-01 13:40:08.406] [debug] [storage] flushing DOMStorage to disk (session=true)
[2026-08-01 13:40:32.902] [debug] [storage] flushing DOMStorage to disk (session=true)
[2026-08-01 13:41:02.990] [debug] [storage] flushing DOMStorage to disk (session=true)
[2026-08-01 13:41:33.137] [debug] [storage] flushing DOMStorage to disk (session=true)
[2026-08-01 13:42:03.251] [debug] [storage] flushing DOMStorage to disk (session=true)
[2026-08-01 13:42:33.563] [debug] [storage] flushing DOMStorage to disk (session=true)
[2026-08-01 13:43:03.628] [debug] [storage] flushing DOMStorage to disk (session=true)
[2026-08-01 13:43:33.703] [debug] [storage] flushing DOMStorage to disk (session=true)
[2026-08-01 13:43:57.828] [debug] [storage] flushing DOMStorage to disk (session=true)
[2026-08-01 13:44:03.837] [debug] [storage] flushing DOMStorage to disk (session=true)
[2026-08-01 13:44:34.225] [debug] [storage] flushing DOMStorage to disk (session=true)
[2026-08-01 13:44:53.929] [debug] [storage] flushing DOMStorage to disk (session=true)
[2026-08-01 13:44:53.971] [debug] [storage] flushing DOMStorage to disk (session=true)
[2026-08-01 13:44:58.970] [debug] [storage] flushing DOMStorage to disk (session=true)
[2026-08-01 13:45:04.360] [debug] [storage] flushing DOMStorage to disk (session=true)
[2026-08-01 13:45:34.550] [debug] [storage] flushing DOMStorage to disk (session=true)
[2026-08-01 13:46:04.935] [debug] [storage] flushing DOMStorage to disk (session=true)
[2026-08-01 13:46:35.206] [debug] [storage] flushing DOMStorage to disk (session=true)
[2026-08-01 13:46:50.737] [debug] [storage] flushing DOMStorage to disk (session=true)
[2026-08-01 13:46:53.043] [debug] [storage] flushing DOMStorage to disk (session=true)
[2026-08-01 13:46:53.750] [debug] [storage] flushing DOMStorage to disk (session=true)
[2026-08-01 13:46:54.175] [debug] [storage] flushing DOMStorage to disk (session=true)
[2026-08-01 13:46:58.958] [debug] [storage] flushing DOMStorage to disk (session=true)
[2026-08-01 13:47:05.526] [debug] [storage] flushing DOMStorage to disk (session=true)
[2026-08-01 13:47:08.186] [debug] [storage] flushing DOMStorage to disk (session=true)
[2026-08-01 13:47:09.151] [debug] [storage] flushing DOMStorage to disk (session=true)
[2026-08-01 13:47:09.687] [debug] [storage] flushing DOMStorage to disk (session=true)
[2026-08-01 13:47:13.785] [debug] [storage] flushing DOMStorage to disk (session=true)
[2026-08-01 13:47:18.802] [debug] [storage] flushing DOMStorage to disk (session=true)
[2026-08-01 13:47:35.969] [debug] [storage] flushing DOMStorage to disk (session=true)
[2026-08-01 13:48:05.524] [debug] [storage] flushing DOMStorage to disk (session=true)
[2026-08-01 13:48:35.659] [debug] [storage] flushing DOMStorage to disk (session=true)
[2026-08-01 13:48:57.835] [debug] [storage] flushing DOMStorage to disk (session=true)
[2026-08-01 13:49:05.848] [debug] [storage] flushing DOMStorage to disk (session=true)
[2026-08-01 13:49:36.029] [debug] [storage] flushing DOMStorage to disk (session=true)
[2026-08-01 13:50:06.428] [debug] [storage] flushing DOMStorage to disk (session=true)
[2026-08-01 13:50:36.563] [debug] [storage] flushing DOMStorage to disk (session=true)
[2026-08-01 13:51:06.976] [debug] [storage] flushing DOMStorage to disk (session=true)
[2026-08-01 13:51:37.054] [debug] [storage] flushing DOMStorage to disk (session=true)
[2026-08-01 13:52:07.237] [debug] [storage] flushing DOMStorage to disk (session=true)
[2026-08-01 13:52:37.636] [debug] [storage] flushing DOMStorage to disk (session=true)
[2026-08-01 13:53:07.863] [debug] [storage] flushing DOMStorage to disk (session=true)
[2026-08-01 13:53:38.217] [debug] [storage] flushing DOMStorage to disk (session=true)
[2026-08-01 13:53:57.840] [debug] [storage] flushing DOMStorage to disk (session=true)
[2026-08-01 13:54:02.844] [debug] [storage] flushing DOMStorage to disk (session=true)
[2026-08-01 13:54:08.423] [debug] [storage] flushing DOMStorage to disk (session=true)
[2026-08-01 13:54:38.511] [debug] [storage] flushing DOMStorage to disk (session=true)
[2026-08-01 13:55:08.727] [debug] [storage] flushing DOMStorage to disk (session=true)
[2026-08-01 13:55:39.176] [debug] [storage] flushing DOMStorage to disk (session=true)
[2026-08-01 13:56:09.328] [debug] [storage] flushing DOMStorage to disk (session=true)
[2026-08-01 13:56:39.759] [debug] [storage] flushing DOMStorage to disk (session=true)
[2026-08-01 13:57:09.832] [debug] [storage] flushing DOMStorage to disk (session=true)
[2026-08-01 13:57:40.016] [debug] [storage] flushing DOMStorage to disk (session=true)
[2026-08-01 13:58:10.441] [debug] [storage] flushing DOMStorage to disk (session=true)
[2026-08-01 13:58:40.534] [debug] [storage] flushing DOMStorage to disk (session=true)
[2026-08-01 13:58:57.866] [debug] [storage] flushing DOMStorage to disk (session=true)
[2026-08-01 13:59:02.870] [debug] [storage] flushing DOMStorage to disk (session=true)
[2026-08-01 13:59:10.740] [debug] [storage] flushing DOMStorage to disk (session=true)
[2026-08-01 13:59:40.834] [debug] [storage] flushing DOMStorage to disk (session=true)
[2026-08-01 14:00:06.574] [debug] [storage] flushing DOMStorage to disk (session=true)
[2026-08-01 14:00:11.592] [debug] [storage] flushing DOMStorage to disk (session=true)
[2026-08-01 14:00:41.759] [debug] [storage] flushing DOMStorage to disk (session=true)
[2026-08-01 14:01:11.462] [debug] [storage] flushing DOMStorage to disk (session=true)
[2026-08-01 14:01:42.051] [debug] [storage] flushing DOMStorage to disk (session=true)
[2026-08-01 14:02:12.011] [debug] [storage] flushing DOMStorage to disk (session=true)
[2026-08-01 14:02:42.269] [debug] [storage] flushing DOMStorage to disk (session=true)
[2026-08-01 14:03:12.561] [debug] [storage] flushing DOMStorage to disk (session=true)
[2026-08-01 14:03:42.640] [debug] [storage] flushing DOMStorage to disk (session=true)
[2026-08-01 14:03:57.852] [debug] [storage] flushing DOMStorage to disk (session=true)
[2026-08-01 14:04:02.856] [debug] [storage] flushing DOMStorage to disk (session=true)
[2026-08-01 14:04:12.802] [debug] [storage] flushing DOMStorage to disk (session=true)
[2026-08-01 14:04:43.004] [debug] [storage] flushing DOMStorage to disk (session=true)
[2026-08-01 14:05:13.360] [debug] [storage] flushing DOMStorage to disk (session=true)
[2026-08-01 14:05:43.865] [debug] [storage] flushing DOMStorage to disk (session=true)
